product_id,category,actual_price,discounted_price,discount_percentage,rating,rating_count
B07JW9H4J1,technology,1099.0,399.0,75%,4.2,24269
B098NS6PVG,technology,349.0,199.0,50%,4.0,43994
B096MSW6CT,technology,1899.0,199.0,100%,3.9,7928
B08HDJ86NZ,technology,699.0,329.0,50%,4.2,94363
B08CF3B7N1,technology,399.0,154.0,50%,4.2,16905
B08Y1TFSP6,technology,1000.0,149.0,75%,3.9,24871
B08WRWPM22,technology,499.0,176.63,75%,4.1,15188
B08DDRGWTJ,technology,299.0,229.0,25%,4.3,30411
B008IFXQFU,technology,999.0,499.0,50%,4.2,179691
B082LZGK39,technology,299.0,199.0,25%,4.0,43994
B08CF3D7QR,technology,339.0,154.0,50%,4.3,13391
B0789LZTCJ,technology,799.0,299.0,75%,4.2,94363
B07KSMBL2H,technology,700.0,219.0,75%,4.4,426973
B085DTN6R2,technology,899.0,350.0,50%,4.2,2262
B09KLVMZ3B,technology,399.0,159.0,50%,4.1,4768
B083342NKJ,technology,399.0,349.0,25%,4.4,18757
B0B6F7LX4C,technology,24999.0,13999.0,50%,4.2,32840
B082LSVT4B,technology,399.0,249.0,50%,4.0,43994
B08WRBG3XW,technology,499.0,199.0,50%,4.1,13045
B08DPLCM6T,technology,21990.0,13490.0,50%,4.3,11976
B09C6HXFC1,technology,1799.0,970.0,50%,4.5,815
B085194JFL,technology,499.0,279.0,50%,3.7,10962
B09F6S8BT6,technology,22900.0,13490.0,50%,4.3,16299
B09NHVCHS9,technology,199.0,59.0,75%,4.0,9378
B0B1YVCJ2Y,technology,19990.0,11499.0,50%,4.3,4703
B01M4GGIVU,technology,699.0,199.0,75%,4.2,12153
B08B42LWKN,technology,19999.0,14999.0,25%,4.2,34899
B094JNXNPV,technology,399.0,299.0,25%,4.0,2766
B09W5XR9RT,technology,1999.0,970.0,50%,4.4,184
B077Z65HSD,technology,999.0,299.0,75%,4.3,20850
B00NH11PEY,technology,750.0,199.0,75%,4.5,74976
B09CMM3VGK,technology,499.0,179.0,75%,4.0,1934
B08QSC1XY8,technology,1099.0,389.0,75%,4.3,974
B008FWZGSG,technology,599.0,599.0,0%,4.3,355
B0B4HJNPV4,technology,999.0,199.0,75%,3.9,1075
B08Y1SJVV5,technology,666.66,99.0,75%,3.9,24871
B07XLCFSSN,technology,1900.0,899.0,50%,4.4,13552
B09RZS1NQT,technology,999.0,199.0,75%,4.0,576
B0B3MMYHYW,technology,45999.0,32999.0,25%,4.2,7298
B09C6HWG18,technology,1999.0,970.0,50%,4.2,462
B00NH11KIK,technology,695.0,209.0,75%,4.5,107687
B09JPC82QC,technology,34999.0,19999.0,50%,4.3,27151
B07JW1Y6XV,technology,1099.0,399.0,75%,4.2,24269
B07KRCW6LZ,technology,1599.0,999.0,50%,4.3,12093
B09NJN8L25,technology,199.0,59.0,75%,4.0,9378
B07XJYYH7L,technology,999.0,333.0,75%,3.3,9792
B002PD61Y4,technology,1208.0,507.0,50%,4.1,8131
B014I8SSD0,technology,475.0,309.0,25%,4.4,426973
B09L8DSSFH,technology,999.0,399.0,50%,3.6,493
B07232M876,technology,395.0,199.0,50%,4.2,92595
B07P681N66,technology,2199.0,1199.0,50%,4.4,24780
B0711PVX6Z,technology,500.0,179.0,75%,4.2,92595
B082T6V3DT,technology,2100.0,799.0,50%,4.3,8188
B07MKFNHKG,technology,12999.0,6999.0,50%,4.2,4003
B0BFWGBX61,technology,349.0,199.0,50%,4.1,314
B01N90RZ4M,technology,499.0,230.0,50%,3.7,2960
B0088TKTY2,technology,1399.0,649.0,50%,4.2,179691
B09Q5SWVBJ,technology,21999.0,15999.0,25%,4.2,34899
B0B4DT8MKT,technology,1499.0,348.0,75%,4.2,656
B08CDKQ8T6,technology,349.0,154.0,50%,4.3,7064
B07B275VN9,technology,799.0,179.0,75%,3.7,2201
B0B15CPR37,technology,47900.0,32990.0,25%,4.3,7109
B0994GFWBH,technology,999.0,139.0,75%,4.0,1313
B01GGKZ0V6,technology,845.0,329.0,50%,4.2,29746
B09F9YQQ7B,technology,24999.0,13999.0,50%,4.2,45238
B014I8SX4Y,technology,1400.0,309.0,75%,4.4,426973
B09Q8HMKZX,technology,699.0,263.0,50%,4.1,450
B0B9XN9S3W,technology,14990.0,7999.0,50%,4.3,457
B07966M8XH,technology,2999.0,1599.0,50%,4.2,2727
B01GGKYKQM,technology,700.0,219.0,75%,4.3,20053
B0B86CDHL1,technology,899.0,349.0,50%,4.5,149
B0B5ZF3NRK,technology,599.0,349.0,50%,4.1,210
B09RFC46VP,technology,42999.0,26999.0,25%,4.2,45238
B08R69VDHT,technology,499.0,115.0,75%,4.0,7732
B09RWZRCP1,technology,999.0,399.0,50%,4.1,1780
B09CMP1SC8,technology,499.0,199.0,50%,4.1,602
B09YLXYP7Y,technology,399.0,179.0,50%,4.0,1423
B09ZPM4C2C,technology,30990.0,10901.0,75%,4.1,398
B0B2DJDCPX,technology,499.0,209.0,50%,3.9,536
B0BCZCQTJX,technology,3999.0,1434.0,75%,4.0,32
B07LGT55SJ,technology,1099.0,399.0,75%,4.2,24269
B09NKZXMWJ,technology,249.0,139.0,50%,4.0,9378
B08QX1CC14,technology,19125.0,7299.0,50%,3.4,902
B0974H97TJ,technology,799.0,299.0,75%,4.4,28791
B07GVGTSLN,technology,1299.0,325.0,75%,4.2,10576
B09VCHLSJF,technology,39999.0,29999.0,25%,4.2,7298
B0B1YZX72F,technology,40990.0,27999.0,25%,4.3,4703
B092BJMT8Q,technology,52900.0,30990.0,50%,4.3,7109
B0BMXMLSMM,technology,999.0,199.0,75%,4.5,127
B07JH1C41D,technology,1999.0,649.0,75%,4.2,24269
B0141EZMAI,technology,800.0,269.0,75%,3.6,10134
B09Q5P2MT3,technology,31999.0,24999.0,25%,4.2,34899
B08HDH26JX,technology,699.0,299.0,50%,4.2,94363
B09VT6JKRP,technology,999.0,199.0,75%,4.1,425
B09T3KB6JZ,technology,40990.0,18990.0,50%,4.2,6659
B093QCY6YJ,technology,349.0,290.0,25%,3.7,1977
B093ZNQZ2Y,technology,799.0,249.0,75%,3.8,1079
B08LKS3LSP,technology,999.0,345.0,75%,3.7,1097
B00V4BGDKU,technology,1899.0,1099.0,50%,4.5,22420
B08CHKQ8D4,technology,1499.0,719.0,50%,4.1,1045
B09BW334ML,technology,1499.0,349.0,75%,4.3,4145
B082T6GVLJ,technology,1809.0,849.0,50%,4.3,6547
B07DL1KC3H,technology,899.0,299.0,75%,4.0,1588
B0B6F98KJJ,technology,29999.0,21999.0,25%,4.2,32840
B07JNVF678,technology,999.0,349.0,75%,4.2,13120
B09QGZFBPM,technology,999.0,399.0,50%,4.3,2806
B07JGDB5M1,technology,1299.0,449.0,75%,4.2,24269
B0981XSZJ7,technology,999.0,299.0,75%,4.3,766
B0B9XLX8VR,technology,65000.0,37999.0,50%,4.3,3587
B08Y5KXR6Z,technology,800.0,99.0,100%,3.9,24871
B09F6VHQXB,technology,20000.0,7390.0,75%,4.1,2581
B0974G5Q2Y,technology,999.0,273.1,75%,4.3,20850
B09YL9SN9B,technology,23990.0,15990.0,25%,4.3,1035
B09RX1FK54,technology,999.0,399.0,50%,4.1,1780
B09TT6BFDX,technology,1999.0,399.0,75%,4.5,505
B09KH58JZR,technology,399.0,210.0,50%,4.1,1717
B09DDCQFMT,technology,1999.0,1299.0,25%,3.6,590
B08RP2L2NL,technology,999.0,347.0,75%,3.5,1121
B0B4G2MWSB,technology,999.0,149.0,75%,4.0,1313
B0B21C4BMX,technology,899.0,228.0,75%,3.8,132
B084MZXJNK,technology,1999.0,1599.0,25%,4.4,1951
B0BHZCNC4P,technology,3999.0,1499.0,75%,3.7,37
B0B16KD737,technology,15999.0,8499.0,50%,4.3,592
B099K9ZX65,technology,44990.0,20990.0,50%,4.1,1259
B08Y55LPBF,technology,44999.0,32999.0,25%,4.2,45238
B015OW3M1W,technology,1700.0,799.0,50%,4.1,28638
B01D5H8ZI8,technology,595.0,229.0,50%,4.3,12835
B09X1M3DHX,technology,27990.0,9999.0,75%,4.2,1269
B09MM6P76N,technology,599.0,349.0,50%,4.2,284
B01D5H8LDM,technology,1200.0,489.0,50%,4.4,69538
B0B1YY6JJL,technology,34990.0,23999.0,25%,4.3,4703
B09QGZM8QB,technology,999.0,399.0,50%,4.3,2806
B08L4SBJRY,technology,1299.0,349.0,75%,4.0,3295
B09X79PP8F,technology,299.0,179.0,50%,3.9,81
B082T6GVG9,technology,1500.0,689.0,50%,4.2,42301
B0B3XY5YT4,technology,49990.0,30990.0,50%,4.3,1376
B0B4HKH19N,technology,931.0,249.0,75%,3.9,1075
B08TGG316Z,technology,2399.0,999.0,50%,4.6,3664
B071VMP1Z4,technology,399.0,399.0,0%,3.9,1951
B071SDRGWL,technology,699.0,349.0,50%,4.3,20850
B08PSQRW2T,technology,1099.0,399.0,75%,4.1,2685
B0859M539M,technology,2999.0,1699.0,50%,4.4,24780
B08RX8G496,technology,1099.0,655.0,50%,3.2,285
B002SZEOLG,technology,1339.0,749.0,50%,4.2,179692
B08CS3BT4L,technology,12999.0,9999.0,25%,4.2,6088
B00RFWNJMC,technology,499.0,195.0,50%,3.7,1383
B082T6GXS5,technology,2100.0,999.0,50%,4.5,5492
B09CMQRQM6,technology,899.0,499.0,50%,4.2,919
B005LJQMCK,technology,599.0,416.0,25%,4.2,30023
B09C6H53KH,technology,699.0,368.0,50%,4.2,387
B0BB3CBFBM,technology,65000.0,29990.0,50%,4.1,211
B08QSDKFGQ,technology,1099.0,339.0,75%,4.3,974
B08PV1X771,technology,20900.0,15490.0,25%,4.3,16299
B07YTNKVJQ,technology,1299.0,499.0,50%,4.3,30411
B0117H7GZ6,technology,399.0,249.0,50%,3.4,4642
B09XJ1LM7R,technology,799.0,399.0,50%,4.3,12
B084N133Y7,technology,1999.0,1499.0,25%,4.4,1951
B088Z1YWBC,technology,15990.0,9490.0,50%,3.9,10480
B07VSG5SXZ,technology,1499.0,637.0,50%,4.1,24
B08RWCZ6SY,technology,899.0,399.0,50%,3.9,254
B07KSB1MLX,technology,1600.0,1089.0,25%,4.0,3565
B081FG1QYX,technology,999.0,339.0,75%,4.3,6255
B08R69WBN7,technology,499.0,149.0,75%,4.0,7732
B0B3RHX6B6,technology,399.0,149.0,75%,3.9,57
B084N18QZY,technology,849.0,599.0,25%,4.5,577
B081NHWT6Z,technology,1199.0,299.0,75%,3.9,1193
B07JPJJZ2H,technology,1299.0,399.0,75%,4.2,13120
B09JKNF147,technology,1999.0,339.0,75%,4.0,343
B0B9959XF3,technology,22990.0,12499.0,50%,4.3,1611
B09PNR6F8Q,technology,399.0,249.0,50%,4.0,6558
B07M69276N,technology,2499.0,1399.0,50%,4.4,23169
B0B1YZ9CB8,technology,47990.0,32999.0,25%,4.3,4703
B09YLYB9PB,technology,399.0,149.0,75%,4.0,1423
B08CTNJ985,technology,999.0,325.0,75%,4.3,2651
B0BP7XLX48,technology,1999.0,399.0,75%,5.0,5
B09LHXNZLR,technology,499.0,199.0,50%,3.7,612
B0B3N8VG24,technology,299.0,88.0,75%,4.0,9378
B08PSVBB2X,technology,1099.0,399.0,75%,4.1,2685
B0B3MQXNFB,technology,199.0,57.89,75%,4.0,9378
B08XMSKKMM,technology,1999.0,799.0,50%,3.3,576
B09L8DT7D6,technology,499.0,205.0,50%,3.8,313
B00GE55L22,technology,699.0,299.0,50%,4.1,2957
B0162K34H2,technology,999.0,849.0,25%,4.1,6736
B0B8SRZ5SV,technology,1999.0,949.0,50%,4.4,13552
B07CWNJLPC,technology,1200.0,499.0,50%,4.3,5451
B00NH12R1O,technology,485.0,299.0,50%,4.3,10911
B0B8SSC5D9,technology,1999.0,949.0,50%,4.4,13552
B08WKG2MWT,technology,1099.0,379.0,75%,4.3,2806
B0B466C3G4,technology,18990.0,8990.0,50%,3.9,350
B005LJQMZC,technology,1999.0,486.0,75%,4.2,30023
B07MDRGHWQ,technology,11000.0,5699.0,50%,4.2,4003
B07DC4RZPY,technology,1999.0,709.0,75%,4.1,178817
B0B15GSPQW,technology,70900.0,47990.0,25%,4.3,7109
B08GJNM9N7,technology,1199.0,299.0,75%,3.7,490
B09C6FML9B,technology,599.0,320.0,50%,4.1,491
B0B65MJ45G,technology,549.0,139.0,75%,3.9,61
B08P9RYPLR,technology,249.0,129.0,50%,4.0,9378
B0B6F8HHR6,technology,35999.0,24999.0,25%,4.2,32840
B084MZXJN6,technology,1699.0,999.0,50%,4.4,7318
B08XMG618K,technology,499.0,225.0,50%,4.1,789
B0BCKWZ884,technology,2999.0,547.0,75%,4.3,407
B00GGGOYEK,technology,699.0,259.0,75%,3.8,2399
B07ZR4S1G4,technology,699.0,239.0,75%,4.4,2640
B09C635BMM,technology,999.0,349.0,75%,4.0,839
B00GG59HU2,technology,599.0,467.0,25%,4.4,44054
B00RGLI0ZS,technology,599.0,449.0,25%,4.0,3231
B09ZPJT8B2,technology,31990.0,11990.0,75%,4.2,64
B07HZ2QCGR,technology,599.0,350.0,50%,3.9,8314
B095244Q22,technology,999.0,252.0,75%,3.7,2249
B08CKW1KH9,technology,599.0,204.0,75%,3.6,339
B0BLV1GNLN,technology,9990.0,6490.0,25%,4.0,27
B08RHPDNVV,technology,599.0,235.0,50%,3.5,197
B00NH13Q8W,technology,800.0,299.0,75%,4.5,74977
B0B8SSZ76F,technology,1999.0,799.0,50%,4.2,8583
B0841KQR1Z,technology,999.0,299.0,75%,3.8,928
B0B467CCB9,technology,16990.0,6999.0,50%,3.8,110
B095JQVC7N,technology,59999.0,42999.0,25%,4.1,6753
B08PPHFXG3,technology,999.0,173.0,75%,4.3,1237
B06XR9PR5X,technology,600.0,209.0,75%,4.4,18872
B09JSW16QD,technology,1490.0,848.99,50%,3.9,356
B07JH1CBGW,technology,1999.0,649.0,75%,4.2,24269
B09127FZCK,technology,899.0,299.0,75%,3.8,425
B083GQGT3Z,technology,799.0,399.0,50%,4.1,1161
B09Q8WQ5QJ,technology,499.0,249.0,50%,4.1,1508
B07YZG8PPY,technology,2299.0,1249.0,50%,4.3,7636
B09H39KTTB,technology,499.0,213.0,50%,3.7,246
B08DCVRW98,technology,499.0,209.0,50%,4.0,479
B0718ZN31Q,technology,4999.0,598.0,100%,4.2,910
B0162LYSFS,technology,1749.0,799.0,50%,4.1,5626
B07PFJ5VQD,technology,595.0,159.0,75%,4.3,14184
B01J8S6X2I,technology,1100.0,499.0,50%,4.4,25177
B09MJ77786,technology,49999.0,31999.0,25%,4.3,21252
B09NNGHG22,technology,56790.0,32990.0,50%,4.3,567
B07V5YF4ND,technology,1199.0,299.0,75%,3.5,466
B0B65P827P,technology,549.0,128.31,75%,3.9,61
B084MZYBTV,technology,849.0,599.0,25%,4.5,474
B097ZQTDVZ,technology,899.0,399.0,50%,3.4,431
B0B5F3YZY4,technology,1099.0,449.0,50%,4.0,242
B09G5TSGXV,technology,799.0,254.0,75%,4.0,2905
B006LW0WDQ,technology,795.0,399.0,50%,4.4,12091
B09YLX91QR,technology,399.0,179.0,50%,4.0,1423
B081FJWN52,technology,999.0,339.0,75%,4.3,6255
B0758F7KK7,technology,999.0,399.0,50%,4.0,1236
B09L835C3V,technology,399.0,199.0,50%,4.2,1335
B098TV3L96,technology,1999.0,349.0,75%,3.8,197
B08NCKT9FG,technology,798.0,299.0,75%,4.4,28791
B0B4T6MR8N,technology,800.0,89.0,100%,3.9,1075
B01GGKZ4NU,technology,995.0,549.0,50%,4.2,29746
B09BW2GP18,technology,1000.0,129.0,75%,3.9,295
B09WN3SRC7,technology,139900.0,77990.0,50%,4.7,5935
B09B125CFJ,technology,799.0,349.0,50%,3.6,323
B09RQRZW2X,technology,899.0,499.0,50%,3.7,185
B07924P3C5,technology,799.0,299.0,75%,4.2,2117
B08N1WL9XW,technology,599.0,182.0,75%,4.0,9378
B07VVXJ2P5,technology,399.0,96.0,75%,3.6,1796
B0BC8BQ432,technology,85000.0,54990.0,25%,4.3,3587
B06XFTHCNY,technology,758.0,439.0,50%,4.2,4296
B08CT62BM1,technology,999.0,299.0,75%,4.3,2651
B07CRL2GY6,technology,799.0,299.0,75%,4.2,94363
B07DWFX9YS,technology,1999.0,789.0,50%,4.2,34540
B01D5H90L4,technology,700.0,299.0,50%,4.4,8714
B07F1P8KNV,technology,1099.0,325.0,75%,4.2,10576
B084N1BM9L,technology,1999.0,1299.0,25%,4.4,7318
B09F6D21BY,technology,1999.0,790.0,50%,3.0,103
B09LQQYNZQ,technology,4699.0,4699.0,0%,4.5,224
B0BC9BW512,technology,24990.0,18999.0,25%,4.3,4702
B0B61HYR92,technology,999.0,199.0,75%,4.2,85
B075ZTJ9XR,technology,650.0,269.0,50%,4.4,35877
B0978V2CP6,technology,3100.0,1990.0,25%,4.0,897
B09LRZYBH1,technology,3999.0,2299.0,50%,3.8,282
B0B997FBZT,technology,49990.0,35999.0,25%,4.3,1611
B098LCVYPW,technology,999.0,349.0,75%,4.2,513
B09HV71RL1,technology,1499.0,719.0,50%,4.1,1045
B08PZ6HZLT,technology,18999.0,8999.0,50%,4.0,6347
B075TJHWVC,technology,2299.0,917.0,50%,4.2,3300
B09LV13JFB,technology,999.0,399.0,50%,3.3,23
B092BL5DCX,technology,69900.0,45999.0,25%,4.3,7109
B09VH568H7,technology,299.0,119.0,50%,3.8,51
B09HQSV46W,technology,29999.0,21999.0,25%,4.2,32840
B08TZD7FQN,technology,599.0,299.0,50%,3.7,708
B0B21XL94T,technology,34990.0,21990.0,25%,4.3,1657
B09PTT8DZF,technology,670.0,417.44,50%,3.9,523
B0B94JPY2N,technology,999.0,199.0,75%,3.0,0
B0B3XXSB1K,technology,79990.0,47990.0,50%,4.3,1376
B08RZ12GKR,technology,499.0,215.0,50%,3.5,121
B0B4T8RSJ1,technology,800.0,99.0,100%,3.9,1075
B0B7B9V9QP,technology,35000.0,18999.0,50%,4.0,1001
B08XXVXP3J,technology,999.0,249.0,75%,4.3,112
B06XGWRKYT,technology,15999.0,7999.0,50%,3.8,3022
B07CWDX49D,technology,1600.0,649.0,50%,4.3,5451
B09TY4MSH3,technology,2499.0,1289.0,50%,3.3,73
B07RY2X9MP,technology,1500.0,609.0,50%,4.5,1029
B0B2C5MJN6,technology,54990.0,32990.0,50%,4.1,1555
B0BBMGLQDW,technology,1999.0,599.0,75%,4.2,47
B01LONQBDG,technology,899.0,349.0,50%,4.1,14896
B08XXF5V6G,technology,50999.0,29999.0,50%,4.4,1712
B09HK9JH4F,technology,399.0,199.0,50%,4.2,1335
B09MMD1FDN,technology,699.0,349.0,50%,3.9,214
B09HN7LD5L,technology,4500.0,1850.0,50%,4.0,184
B0BNDD9TN6,technology,28900.0,13990.0,50%,4.5,7
B0941392C8,technology,449.0,129.0,75%,3.7,41
B01M5967SY,technology,999.0,379.0,50%,4.2,12153
B016MDK4F4,technology,499.0,185.0,75%,4.2,25
B08G43CCLC,technology,999.0,218.0,75%,4.2,163
B0B61GCHC1,technology,999.0,199.0,75%,4.3,87
B07RX14W1Q,technology,900.0,499.0,50%,4.4,2165
B09PLD9TCD,technology,42999.0,26999.0,25%,4.2,1510
B0B8ZKWGKD,technology,1052.0,893.0,25%,4.3,106
B09NNJ9WYM,technology,19990.0,10990.0,50%,3.7,129
B08H5L8V1L,technology,1099.0,379.0,75%,4.3,3049
B0B8CXTTG3,technology,25999.0,16999.0,25%,4.2,32840
B09HCH3JZG,technology,1899.0,699.0,75%,4.4,390
B097JVLW3L,technology,3500.0,2699.0,25%,3.5,621
B09SB6SJB4,technology,599.0,129.0,75%,4.1,265
B08NW8GHCJ,technology,999.0,389.0,50%,4.3,838
B09YHLPQYT,technology,600.0,246.0,50%,4.2,143
B08G1RW2Q3,technology,799.0,299.0,75%,4.0,151
B08YXJJW8H,technology,399.0,247.0,50%,3.9,200
B09P8M18QM,technology,2999.0,1369.0,50%,3.3,227
B08BG4M4N7,technology,499.0,199.0,50%,3.8,538
B07VJ9ZTXS,technology,599.0,299.0,50%,4.0,171
B084872DQY,technology,14999.0,14999.0,0%,4.3,27508
B00GGGOYEU,technology,699.0,299.0,50%,3.9,1454
B08FD2VSD9,technology,51990.0,24990.0,50%,4.2,2951
B0BQRJ3C47,technology,999.0,249.0,75%,5.0,0
B095JPKPH3,technology,69999.0,61999.0,0%,4.1,6753
B087JWLZ2K,technology,50000.0,24499.0,50%,3.9,3518
B09DSXK8JX,technology,19499.0,10499.0,50%,4.2,1510
B08V9C4B1J,technology,999.0,349.0,75%,4.3,838
B08PKBMJKS,technology,499.0,197.0,50%,3.8,136
B0B8VQ7KDS,technology,2499.0,1299.0,50%,4.3,301
B086JTMRYL,technology,1899.0,1519.0,25%,4.4,19763
B09RWQ7YR6,technology,69999.0,46999.0,25%,4.3,21252
B00OFM6PEO,technology,799.0,299.0,75%,4.3,1902
B0BF57RN3K,technology,19999.0,1799.0,100%,4.2,13937
B0B3RRWSF6,technology,9999.0,1998.0,75%,4.3,27696
B0B5B6PQCT,technology,7990.0,1999.0,75%,3.8,17831
B08HV83HL3,technology,2199.0,2049.0,0%,4.3,178912
B0BBN4DZBD,technology,8999.0,6499.0,25%,4.0,7807
B0B3CPQ5PF,technology,28999.0,28999.0,0%,4.3,17415
B0B3CQBRB4,technology,28999.0,28999.0,0%,4.3,17415
B0BBN56J5H,technology,8999.0,6499.0,25%,4.0,7807
B0BBN3WF7V,technology,8999.0,6499.0,25%,4.0,7807
B0BDRVFDKP,technology,1000.0,569.0,50%,4.4,67259
B0B5LVS732,technology,4999.0,1898.0,50%,4.1,10689
B09V2Q4QVQ,technology,1599.0,1299.0,25%,4.0,128311
B09V12K8NT,technology,6990.0,1499.0,75%,3.9,21796
B01DEWVZ2C,technology,999.0,599.0,50%,4.1,192590
B0BMGB3CH9,technology,11999.0,9499.0,25%,4.2,284
B08D77XZX5,technology,2499.0,599.0,75%,3.9,58162
B09XB8GFBQ,technology,11999.0,8999.0,25%,4.0,12796
B07WG8PDCW,technology,1299.0,349.0,75%,4.0,14282
B07GPXXNNG,technology,999.0,349.0,75%,4.1,363713
B0BDYVC5TD,technology,1800.0,959.0,50%,4.4,67259
B0BMGB2TPR,technology,11999.0,9499.0,25%,4.2,284
B08MC57J31,technology,2499.0,1499.0,50%,4.3,15970
B08HVL8QN3,technology,2199.0,1149.0,50%,4.3,178912
B0746JGVDS,technology,999.0,349.0,75%,3.9,46399
B08VFF6JQ8,technology,1699.0,1219.0,25%,4.4,8891
B09NVPSCQT,technology,3999.0,1599.0,50%,4.0,30254
B09YV4RG4D,technology,7999.0,1499.0,75%,4.2,22636
B09TWHTBKQ,technology,25999.0,18499.0,25%,4.1,22318
B08L5HMJVW,technology,700.0,369.0,50%,4.4,67259
B0B4F2XCK3,technology,17999.0,12999.0,25%,4.1,18998
B0BF54972T,technology,19999.0,1799.0,100%,4.2,13937
B09YV4MW2T,technology,9999.0,2199.0,75%,4.2,29471
B09TWH8YHM,technology,24999.0,16999.0,25%,4.1,22318
B07WGMMQGP,technology,20999.0,16499.0,25%,4.0,21350
B0BF563HB4,technology,19999.0,1799.0,100%,4.2,13937
B07JW9H4J1,technology,1099.0,399.0,75%,4.2,24270
B09GFPVD9Y,technology,10999.0,8499.0,25%,4.1,313836
B09GFLXVH9,technology,8499.0,6499.0,25%,4.1,313836
B0BF4YBLPX,technology,19999.0,1799.0,100%,4.2,13937
B09XB7DPW1,technology,11999.0,8999.0,25%,4.0,12796
B07PFJ5W31,technology,495.0,139.0,75%,4.3,14185
B0B3N7LR6K,technology,16999.0,3999.0,75%,4.3,17159
B09ZQK9X8G,technology,5999.0,2998.0,50%,4.1,5179
B098NS6PVG,technology,349.0,199.0,50%,4.0,43993
B07WJV6P1R,technology,18999.0,15499.0,25%,4.1,19252
B096MSW6CT,technology,999.0,199.0,75%,3.9,7928
B0BF54LXW6,technology,19999.0,1799.0,100%,4.2,13937
B09XB7SRQ5,technology,11999.0,8999.0,25%,4.0,12796
B09FFK1PQG,technology,1699.0,873.0,50%,4.4,1680
B09RMQYHLH,technology,15999.0,12999.0,25%,4.2,13246
B08ZN4B121,technology,1599.0,539.0,75%,3.8,14648
B0B3RSDSZ3,technology,9999.0,1999.0,75%,4.3,27696
B08VB34KJ1,technology,20990.0,15490.0,25%,4.2,32916
B09T39K9YL,technology,24999.0,19999.0,25%,3.9,25824
B08VF8V79P,technology,1699.0,1075.0,25%,4.4,7462
B08G28Z33M,technology,699.0,399.0,50%,4.0,37817
B09PNKXSKF,technology,3990.0,1999.0,50%,4.0,30254
B0B5DDJNH4,technology,7990.0,1999.0,75%,3.8,17831
B08HDJ86NZ,technology,699.0,329.0,50%,4.2,94364
B08CF3B7N1,technology,399.0,154.0,50%,4.2,16905
B07WDKLDRX,technology,34999.0,28999.0,25%,4.4,20311
B09MQSCJQ1,technology,7990.0,2299.0,75%,4.2,69622
B094YFFSMY,technology,1999.0,399.0,75%,4.0,3382
B09MT84WV5,technology,3999.0,1149.0,75%,4.3,140036
B08VS3YLRK,technology,1499.0,529.0,75%,4.1,8599
B0B4F3QNDM,technology,19499.0,13999.0,25%,4.1,18998
B07GQD4K6L,technology,999.0,379.0,50%,4.1,363713
B07WDKLRM4,technology,19999.0,13999.0,25%,4.1,19252
B0BP18W8TM,technology,9999.0,3999.0,50%,4.4,73
B08Y1TFSP6,technology,1000.0,149.0,75%,3.9,24870
B07GXHC691,technology,499.0,99.0,75%,4.3,42641
B08FN6WGDQ,technology,15990.0,4790.0,75%,4.0,4390
B0B3D39RKV,technology,33999.0,33999.0,0%,4.3,17415
B085HY1DGR,technology,999.0,99.0,100%,4.0,1396
B08D75R3Z1,technology,1900.0,299.0,75%,3.6,18202
B0B4F2TTTS,technology,14999.0,10999.0,25%,4.1,18998
B09WRMNJ9G,technology,38999.0,34999.0,0%,4.2,11029
B0B14MR9L1,technology,24999.0,16999.0,25%,4.1,22318
B09ZPL5VYM,technology,499.0,199.0,50%,4.1,1786
B0993BB11X,technology,1599.0,999.0,50%,4.0,7222
B09V2PZDX8,technology,1599.0,1299.0,25%,4.0,128311
B085W8CFLH,technology,1800.0,599.0,75%,3.5,83996
B09MT6XSFW,technology,1899.0,599.0,75%,4.3,140036
B07RD611Z8,technology,2499.0,1799.0,25%,4.1,18678
B08WRWPM22,technology,499.0,176.63,75%,4.1,15189
B0B4F52B5X,technology,14999.0,10999.0,25%,4.1,18998
B096VF5YYF,technology,7990.0,2999.0,50%,4.1,48449
B0B5D39BCD,technology,7990.0,1999.0,75%,3.8,17831
B08DDRGWTJ,technology,299.0,229.0,25%,4.3,30411
B082LZGK39,technology,299.0,199.0,25%,4.0,43994
B09XBJ1CTN,technology,999.0,649.0,25%,4.2,1315
B0B4F5L738,technology,19499.0,13999.0,25%,4.1,18998
B08MTCKDYN,decoration,299.0,119.0,50%,4.1,5999
B09QS8V5N8,technology,17999.0,12999.0,25%,4.1,50772
B08CF3D7QR,technology,339.0,154.0,50%,4.3,13391
B09T2WRLJJ,technology,26999.0,20999.0,25%,3.9,25824
B089WB69Y1,technology,649.0,249.0,50%,4.0,14404
B0116MIKKC,technology,171.0,99.0,50%,4.5,11339
B09P858DK8,technology,1999.0,489.0,75%,4.0,3626
B07DJLFMPS,technology,1600.0,369.0,75%,4.0,32625
B07WHQWXL7,technology,20999.0,15499.0,25%,4.1,19252
B07WDK3ZS6,technology,18999.0,15499.0,25%,4.1,19252
B09T2S8X9C,technology,28999.0,22999.0,25%,3.9,25824
B07S9S86BF,technology,1490.0,599.0,50%,4.1,161679
B07N8RQ6W7,technology,699.0,134.0,75%,4.1,16685
B09FKDH6FS,technology,7999.0,7499.0,0%,4.0,30907
B08HVJCW95,technology,2199.0,1149.0,50%,4.3,178912
B09YDFDVNS,technology,1699.0,1324.0,25%,4.0,128311
B07WGPKTS4,technology,19999.0,13999.0,25%,4.1,19252
B0789LZTCJ,technology,799.0,299.0,75%,4.2,94364
B09MZCQYHZ,technology,1599.0,999.0,50%,4.0,7222
B0B4F2ZWL3,technology,17999.0,12999.0,25%,4.1,18998
B08VB2CMR3,technology,20990.0,15490.0,25%,4.2,32916
B095RTJH1M,technology,2899.0,999.0,75%,4.6,26603
B097R25DP7,technology,4999.0,1599.0,75%,4.0,67950
B09YDFKJF8,technology,1699.0,1324.0,25%,4.0,128311
B07WDK3ZS2,technology,29990.0,20999.0,25%,4.3,9499
B08RZ5K9YH,technology,1999.0,999.0,50%,4.3,1777
B08444S68L,technology,15990.0,12490.0,25%,4.2,58506
B07WHQBZLS,technology,21990.0,17999.0,25%,4.0,21350
B085DTN6R2,technology,899.0,350.0,50%,4.2,2263
B09JS562TP,technology,1630.0,1399.0,25%,4.0,9378
B09KLVMZ3B,technology,399.0,159.0,50%,4.1,4768
B09V17S2BG,technology,6990.0,1499.0,75%,3.9,21796
B0B5CGTBKV,technology,7990.0,1999.0,75%,3.8,17833
B0B23LW7NV,technology,2899.0,999.0,75%,4.7,7779
B09KGV7WSV,technology,5999.0,2099.0,75%,4.3,17129
B0971DWFDT,technology,699.0,337.0,50%,4.2,4969
B0BNV7JM5Y,technology,7990.0,2999.0,50%,4.1,154
B0B53QFZPY,technology,5999.0,1299.0,75%,3.3,4415
B083342NKJ,technology,399.0,349.0,25%,4.4,18757
B07WJWRNVK,technology,20990.0,16499.0,25%,4.0,21350
B01F25X6RQ,technology,499.0,499.0,0%,4.2,31539
B09C6HXFC1,technology,1799.0,970.0,50%,4.5,815
B0B244R4KB,technology,2899.0,999.0,75%,4.6,6129
B0BMGG6NKT,technology,13499.0,10499.0,25%,4.2,284
B082LSVT4B,technology,399.0,249.0,50%,4.0,43994
B092JHPL72,technology,999.0,251.0,75%,3.7,3234
B08WRBG3XW,technology,499.0,199.0,50%,4.1,13045
B09GFM8CGS,technology,7999.0,6499.0,25%,4.1,313832
B0B3MWYCHQ,technology,9999.0,2999.0,75%,4.2,20879
B09J2MM5C6,technology,1499.0,279.0,75%,4.2,2646
B07Q4QV1DL,technology,1499.0,269.0,75%,4.5,28978
B0B56YRBNT,technology,13499.0,8999.0,25%,3.8,3145
B09NHVCHS9,technology,199.0,59.0,75%,4.0,9377
B01DF26V7A,technology,1299.0,599.0,50%,4.1,192589
B08K4PSZ3V,technology,999.0,349.0,75%,3.8,16557
B0B4F1YC3J,technology,19499.0,13999.0,25%,4.1,18998
B08K4RDQ71,technology,999.0,349.0,75%,3.8,16557
B085CZ3SR1,technology,599.0,499.0,25%,4.2,21916
B09YV3K34W,technology,9999.0,2199.0,75%,4.2,29472
B09Z6WH2N1,decoration,499.0,95.0,75%,4.2,1949
B09NL4DJ2Z,technology,249.0,139.0,50%,4.0,9377
B0BGSV43WY,technology,7999.0,4499.0,50%,3.5,37
B0926V9CTV,technology,599.0,89.0,75%,4.3,2351
B07WGPKMP5,technology,20999.0,15499.0,25%,4.1,19253
B0BBFJ9M3X,technology,15999.0,13999.0,25%,3.9,2180
B09PLFJ7ZW,technology,4999.0,1999.0,50%,3.9,7571
B0B53NXFFR,technology,5999.0,1399.0,75%,3.3,4415
B07GNC2592,technology,999.0,599.0,50%,4.0,18654
B09TP5KBN7,technology,1099.0,199.0,75%,4.0,3197
B0949SBKMP,technology,6990.0,1799.0,75%,4.0,26880
B09V175NP7,technology,6990.0,1499.0,75%,3.9,21796
B07WHSJXLF,technology,29990.0,20999.0,25%,4.3,9499
B0BD3T6Z1D,technology,13499.0,12999.0,0%,4.1,56098
B09LHYZ3GJ,technology,20999.0,16999.0,25%,4.1,31822
B07WFPMGQQ,technology,27990.0,19999.0,25%,4.3,9499
B09QS9X9L8,technology,18999.0,12999.0,25%,4.1,50772
B0B6BLTGTT,technology,5999.0,2999.0,50%,4.1,7148
B077Z65HSD,technology,999.0,299.0,75%,4.3,20850
B09W5XR9RT,technology,1999.0,970.0,50%,4.4,184
B084DTMYWK,technology,999.0,329.0,75%,4.2,3492
B0B53QLB9H,technology,5999.0,1299.0,75%,3.3,4415
B0BDYW3RN3,technology,3500.0,1989.0,50%,4.4,67260
B0B3RS9DNF,technology,9999.0,1999.0,75%,4.3,27704
B09QS9X16F,technology,18999.0,12999.0,25%,4.1,50772
B08HV25BBQ,technology,4999.0,1499.0,75%,4.0,92588
B09LJ116B5,technology,20999.0,16999.0,25%,4.1,31822
B0BMVWKZ8G,technology,8499.0,1999.0,75%,4.3,240
B0BD92GDQH,technology,6999.0,4999.0,25%,3.8,758
B08Y1SJVV5,technology,666.66,99.0,75%,3.9,24870
B0B5GF6DQD,technology,5999.0,2499.0,50%,3.7,828
B09JS94MBV,technology,1630.0,1399.0,25%,4.0,9378
B09YV463SW,technology,9999.0,1499.0,75%,4.2,22638
B07XLCFSSN,technology,1900.0,899.0,50%,4.4,13552
B09NL4DCXK,technology,599.0,249.0,50%,3.9,2147
B0B8CHJLWJ,technology,1199.0,299.0,75%,4.5,596
B0B8ZWNR5T,decoration,499.0,79.0,75%,4.2,1949
B0BBFJLP21,technology,15999.0,13999.0,25%,3.9,2180
B01F262EUU,technology,999.0,949.0,0%,4.2,31539
B09VZBGL1N,technology,499.0,99.0,75%,4.1,2451
B0BNVBJW2S,technology,7990.0,2499.0,75%,4.1,154
B0B2DJ5RVQ,technology,1999.0,689.0,75%,4.3,1193
B096TWZRJC,technology,1899.0,499.0,75%,4.1,1475
B09GP6FBZT,technology,999.0,299.0,75%,4.3,8891
B0B3DV7S9B,technology,499.0,209.0,50%,3.6,104
B09MKP344P,technology,12999.0,8499.0,25%,4.1,6662
B08JW1GVS7,technology,3999.0,2179.0,50%,4.0,8380
B09LHZSMRR,technology,20999.0,16999.0,25%,4.1,31822
B0B5V47VK4,technology,49999.0,44999.0,0%,4.3,3075
B08H21B6V7,technology,2999.0,2599.0,25%,3.9,14266
B09BNXQ6BR,technology,6499.0,2799.0,50%,4.1,38879
B01FSYQ2A4,technology,2990.0,1399.0,50%,4.1,97175
B08L5FM4JC,technology,2400.0,649.0,75%,4.4,67260
B0B54Y2SNX,technology,3990.0,799.0,75%,3.8,119
B08BQ947H3,technology,149.0,149.0,0%,4.3,10833
B082T6V3DT,technology,2100.0,799.0,50%,4.3,8188
B0B7DHSKS7,technology,5299.0,3799.0,25%,3.5,1641
B09SJ1FTYV,technology,1899.0,199.0,100%,4.0,4740
B09XJ5LD6L,technology,32999.0,23999.0,25%,3.9,8866
B07WHS7MZ1,technology,39990.0,29990.0,25%,4.3,8399
B0BBVKRP7B,technology,1999.0,281.0,75%,2.8,87
B09NY7W8YD,technology,11999.0,7998.0,25%,3.8,125
B0BMM7R92G,technology,999.0,249.0,75%,4.5,38
B08M66K48D,technology,599.0,299.0,50%,4.3,4674
B09RFB2SJQ,technology,1899.0,499.0,75%,4.1,412
B0B82YGCF6,technology,3499.0,899.0,75%,3.0,681
B08HF4W2CT,technology,3499.0,1599.0,50%,4.0,36384
B08BCKN299,technology,999.0,120.0,100%,3.9,6491
B0B2X35B1K,technology,6999.0,3999.0,50%,4.1,10229
B09QS9CWLV,technology,18999.0,12999.0,25%,4.1,50772
B0B1NX6JTN,technology,2599.0,1599.0,50%,4.3,1801
B078G6ZF5Z,technology,1199.0,699.0,50%,4.0,14404
B0BBW521YC,decoration,999.0,99.0,100%,4.4,305
B09HSKYMB3,technology,9999.0,7915.0,25%,4.3,1376
B09YV42QHZ,technology,7999.0,1499.0,75%,4.2,22638
B09BF8JBWX,technology,1249.0,1055.0,25%,3.8,2352
B0B5YBGCKD,technology,599.0,150.0,75%,4.3,714
B01GGKYKQM,technology,700.0,219.0,75%,4.3,20052
B09MY4W73Q,technology,1799.0,474.0,75%,4.3,1454
B08R69VDHT,technology,499.0,115.0,75%,4.0,7732
B09T37CKQ5,technology,599.0,239.0,50%,3.9,2147
B09GFPN6TP,technology,9499.0,7499.0,25%,4.1,313832
B0B298D54H,technology,999.0,265.0,75%,3.7,465
B08VB57558,technology,74999.0,37990.0,50%,4.2,27790
B09CMP1SC8,technology,499.0,199.0,50%,4.1,602
B09YLXYP7Y,technology,399.0,179.0,50%,4.0,1423
B0B9BXKBC7,technology,3999.0,1799.0,50%,4.6,245
B09NY6TRXG,technology,11999.0,8499.0,25%,3.9,276
B09NVPJ3P4,technology,3999.0,1999.0,50%,4.0,30254
B0B3NDPCS9,technology,17999.0,3999.0,75%,4.3,17161
B09VGKFM7Y,technology,499.0,219.0,50%,4.4,14
B07QCWY5XV,technology,1399.0,599.0,50%,4.1,14560
B098QXR9X2,technology,2999.0,2499.0,25%,4.1,3156
B07H1S7XW8,technology,499.0,89.0,75%,4.1,9340
B0BNXFDTZ2,technology,11999.0,2999.0,75%,4.4,768
B088ZFJY82,technology,1499.0,314.0,75%,4.5,28978
B0B4F4QZ1H,technology,19499.0,13999.0,25%,4.1,18998
B09BCNQ9R2,technology,499.0,139.0,75%,4.2,4971
B0B9BD2YL4,technology,6999.0,2599.0,75%,4.5,1526
B071Z8M4KX,technology,999.0,365.0,75%,4.1,363711
B09N3ZNHTY,technology,4490.0,1499.0,75%,3.9,136954
B0B3RRWSF6,technology,9999.0,1998.0,75%,4.3,27709
B0B5B6PQCT,technology,7990.0,1799.0,75%,3.8,17833
B005FYNT3G,technology,650.0,289.0,50%,4.3,253105
B01J0XWYKQ,technology,895.0,599.0,25%,4.4,61314
B09CTRPSJR,technology,237.0,217.0,0%,3.8,7354
B08JQN8DGZ,technology,2990.0,1299.0,50%,3.8,180998
B0B72BSW7K,technology,699.0,263.0,50%,3.5,690
B0BDRVFDKP,technology,1000.0,569.0,50%,4.4,67262
B0B5LVS732,technology,4999.0,1999.0,50%,4.1,10689
B08TV2P1N8,technology,3990.0,1399.0,75%,4.1,141841
B07XCM6T4N,technology,1499.0,349.0,75%,4.3,24791
B07T5DKR5D,technology,399.0,149.0,75%,3.5,21764
B01DEWVZ2C,technology,999.0,599.0,50%,4.1,192587
B07PR1CL3S,technology,3990.0,1220.0,75%,4.1,107151
B09V12K8NT,technology,6990.0,1499.0,75%,3.9,21797
B07JQKQ91F,technology,999.0,499.0,50%,3.9,92995
B08W56G1K9,technology,999.0,99.0,100%,4.1,8751
B07WG8PDCW,technology,1299.0,349.0,75%,4.0,14283
B01L8ZNWN2,technology,1500.0,475.0,75%,4.2,64273
B009VCGPSY,technology,649.0,269.0,50%,4.3,54315
B0B296NTFV,technology,599.0,299.0,50%,4.1,1597
B09NVPSCQT,technology,3999.0,1599.0,50%,4.0,30254
B09YV4RG4D,technology,7999.0,1499.0,75%,4.2,22638
B07TCN5VR9,technology,999.0,329.0,75%,3.9,77027
B00ZYLMQH0,technology,1799.0,549.0,75%,4.3,28829
B09YV4MW2T,technology,9999.0,2199.0,75%,4.2,29478
B01HJI0FS2,technology,650.0,299.0,50%,4.5,33176
B076B8G5D8,other,1995.0,798.0,50%,4.0,68664
B07JW9H4J1,technology,1099.0,399.0,75%,4.2,24269
B014SZO90Y,technology,315.0,266.0,25%,4.5,28030
B07KCMR8D6,office,50.0,50.0,0%,4.3,5792
B00N1U9AJS,home,165.0,130.0,25%,3.9,14778
B07KY3FNQP,technology,1290.0,449.0,75%,4.1,91770
B0B3N7LR6K,technology,16999.0,3999.0,75%,4.3,17162
B07QZ3CZ48,technology,1290.0,399.0,75%,4.2,206
B09T3H12GV,technology,2498.0,1399.0,50%,4.2,33717
B098NS6PVG,technology,349.0,199.0,50%,4.0,43994
B096MSW6CT,technology,999.0,199.0,75%,3.9,7928
B09ZQK9X8G,technology,5999.0,2998.0,50%,4.1,5179
B08ZJDWTJ1,technology,4999.0,4098.0,25%,4.5,50810
B08FTFXNNB,technology,1999.0,499.0,75%,3.7,3369
B08YDFX7Y1,technology,449.0,299.0,25%,3.5,11827
B08HDJ86NZ,technology,699.0,329.0,50%,4.2,94364
B087FXHB6J,technology,999.0,699.0,25%,3.5,15295
B07N42JB4S,technology,3990.0,799.0,75%,4.3,27139
B0B31BYXQQ,technology,5499.0,1399.0,75%,3.9,9504
B08CF3B7N1,technology,399.0,154.0,50%,4.2,16905
B07SLMR1K6,technology,1350.0,519.0,50%,4.3,30058
B09MQSCJQ1,technology,7990.0,2299.0,75%,4.2,69619
B094YFFSMY,technology,1999.0,399.0,75%,4.0,3382
B092X94QNQ,technology,3990.0,1499.0,50%,4.1,109864
B0846D5CBP,technology,1295.0,1295.0,0%,4.5,5760
B00KXULGJQ,technology,5499.0,1889.0,75%,4.2,49551
B08H9Z3XQW,technology,1490.0,455.0,75%,4.1,161677
B08LPJZSSW,technology,995.0,399.0,50%,3.9,21372
B09MT84WV5,technology,3999.0,1059.0,75%,4.3,140035
B08Y1TFSP6,technology,1000.0,149.0,75%,3.9,24870
B08CYPB15D,technology,761.0,717.0,0%,4.0,7199
B085HY1DGR,technology,999.0,99.0,100%,4.0,1396
B00MFPCY5C,technology,299.0,39.0,75%,3.5,15233
B07JJFSG2B,technology,2500.0,889.0,75%,4.3,55747
B09NR6G588,technology,4999.0,1199.0,75%,3.8,14961
B07JPX9CR7,technology,1299.0,569.0,50%,4.4,9275
B08D11DZ2W,technology,8999.0,1499.0,75%,3.7,28324
B07Q7561HD,technology,180.0,149.0,25%,4.4,644
B0819HZPXL,technology,549.0,399.0,25%,4.4,18139
B00LXTFMRS,home,225.0,191.0,25%,4.4,7203
B0B9LDCX89,technology,999.0,129.0,75%,4.2,491
B0765B3TH7,technology,599.0,199.0,75%,4.5,13568
B0B1F6GQPS,technology,4499.0,999.0,75%,3.8,3390
B07LG59NPV,technology,4499.0,899.0,75%,3.8,103052
B07RD611Z8,technology,2499.0,1799.0,25%,4.1,18678
B08WRWPM22,technology,499.0,176.63,75%,4.1,15189
B00AXHBBXU,technology,550.0,522.0,0%,4.4,12179
B08MCD9JFY,technology,1999.0,799.0,50%,3.8,12958
B083RCTXLL,technology,1199.0,681.0,50%,4.2,8258
B08HLZ28QC,technology,3490.0,1199.0,75%,4.1,11716
B07GVR9TG7,technology,4999.0,2499.0,50%,4.4,35024
B0856HY85J,technology,4999.0,1799.0,75%,4.1,55192
B07CD2BN46,technology,599.0,429.0,25%,4.1,119466
B07PLHTTB4,technology,499.0,100.0,75%,3.5,9638
B077T3BG5L,technology,399.0,329.0,25%,3.6,33735
B08DDRGWTJ,technology,299.0,229.0,25%,4.3,30411
B079Y6JZC8,technology,299.0,139.0,50%,3.8,3044
B0856HNMR7,technology,2499.0,1199.0,50%,4.0,33584
B0B12K5BPM,technology,2299.0,1049.0,50%,3.9,1779
B08MTCKDYN,decoration,299.0,119.0,50%,4.1,5999
B08CF3D7QR,technology,339.0,154.0,50%,4.3,13391
B00LVMTA2A,technology,250.0,225.0,0%,4.4,26556
B07TR5HSR9,technology,1499.0,656.0,50%,4.3,25903
B0819ZZK5K,technology,2800.0,1109.0,50%,4.3,53464
B096VF5YYF,technology,7990.0,2999.0,50%,4.1,48448
B08QJJCY2Q,technology,299.0,169.0,50%,4.4,5176
B07L5L4GTB,technology,404.0,309.0,25%,4.4,8614
B07L8KNP5F,technology,1399.0,599.0,50%,3.8,60026
B08CF4SCNP,technology,599.0,299.0,50%,3.8,3066
B09XX51X2G,technology,999.0,449.0,50%,4.0,2102
B01M72LILF,technology,1295.0,799.0,50%,4.4,34852
B07KSMBL2H,technology,700.0,219.0,75%,4.4,426972
B00LZLQ624,office,160.0,157.0,0%,4.5,8618
B07DJLFMPS,technology,1600.0,369.0,75%,4.0,32625
B09GB5B4BK,technology,899.0,599.0,25%,4.0,4018
B015ZXUDD0,technology,599.0,479.0,25%,4.3,11687
B085DTN6R2,technology,899.0,350.0,50%,4.2,2262
B09PL79D2X,technology,2990.0,1598.0,50%,3.8,11015
B098K3H92Z,technology,899.0,599.0,25%,4.3,95116
B09KLVMZ3B,technology,399.0,159.0,50%,4.1,4768
B084PJSSQ1,technology,3000.0,1299.0,50%,4.3,23022
B097R25DP7,technology,4999.0,1599.0,75%,4.0,67951
B097C564GC,technology,4999.0,294.0,100%,4.3,4426
B08CYNJ5KY,technology,861.0,828.0,0%,4.2,4567
B00Y4ORQ46,technology,795.0,745.0,0%,4.0,13797
B074CWD7MS,technology,2495.0,1549.0,50%,4.4,15137
B083342NKJ,technology,399.0,349.0,25%,4.4,18757
B09C6HXFC1,technology,1799.0,970.0,50%,4.5,815
B00A0VCJPI,technology,2499.0,1469.0,50%,4.2,156638
B00UGZWM2I,office,800.0,198.0,75%,4.1,9344
B00R1P3B4O,technology,549.0,549.0,0%,4.5,4875
B0B3MWYCHQ,technology,9999.0,2999.0,75%,4.2,20881
B09DG9VNWB,technology,29999.0,12000.0,50%,4.3,4744
B09Y5MP7C4,technology,3499.0,1299.0,75%,3.9,12452
B01DJJVFPC,technology,315.0,269.0,25%,4.5,17810
B07DFYJRQV,technology,1499.0,799.0,50%,4.1,53648
B08L879JSN,technology,13750.0,6299.0,50%,4.2,2014
B08TDJNM3G,technology,59.0,59.0,0%,3.8,5958
B06XSK3XL6,technology,999.0,571.0,50%,4.3,38221
B07YNTJ8ZM,technology,999.0,549.0,50%,3.9,64705
B09KGV7WSV,technology,5999.0,2099.0,75%,4.3,17129
B08DPLCM6T,technology,21990.0,13490.0,50%,4.3,11976
B07KR5P3YD,technology,699.0,448.0,25%,3.9,17348
B08FB2LNSZ,technology,2999.0,1499.0,50%,3.7,87798
B01IBRHE3E,technology,499.0,299.0,50%,4.2,24432
B01N6LU1VF,technology,1400.0,579.0,50%,4.3,189104
B07XLML2YS,technology,3299.0,2499.0,25%,4.2,93112
B086WMSCN3,technology,5999.0,1199.0,75%,3.9,47521
B003B00484,technology,499.0,399.0,25%,4.3,27201
B085194JFL,technology,499.0,279.0,50%,3.7,10962
B09F6S8BT6,technology,22900.0,13490.0,50%,4.3,16299
B003L62T7W,technology,375.0,279.0,25%,4.3,31534
B09P18XVW6,technology,4999.0,2499.0,50%,3.9,7571
B00LZLPYHW,office,160.0,137.0,25%,4.4,6537
B09NHVCHS9,technology,199.0,59.0,75%,4.0,9377
B00NNQMYNE,technology,499.0,299.0,50%,4.5,21010
B0B217Z5VK,technology,3999.0,1799.0,50%,3.9,3517
B07B88KQZ8,technology,2999.0,1999.0,25%,4.3,63899
B01M4GGIVU,technology,699.0,199.0,75%,4.2,12153
B07Z3K96FR,technology,1499.0,399.0,75%,4.1,5730
B0756CLQWL,technology,3999.0,1699.0,50%,4.2,25488
B004IO5BMQ,technology,995.0,699.0,25%,4.5,54405
B09Z6WH2N1,decoration,499.0,95.0,75%,4.2,1949
B01HGCLUH6,technology,1699.0,1149.0,25%,4.2,122478
B01N4EV2TL,technology,1995.0,1495.0,25%,4.3,7241
B08MZQBFLN,technology,4999.0,849.0,75%,4.0,20457
B0752LL57V,technology,440.0,440.0,0%,4.5,8610
B08K4PSZ3V,technology,999.0,349.0,75%,3.8,16557
B09Z28BQZT,technology,3999.0,599.0,75%,3.9,1087
B094DQWV9B,technology,399.0,149.0,75%,4.0,1540
B0BBMPH39N,technology,999.0,289.0,75%,4.1,401
B097JQ1J5G,technology,499.0,179.0,75%,3.4,9385
B07YY1BY5B,technology,4999.0,1499.0,75%,4.0,92588
B08VRMK55F,technology,699.0,399.0,50%,3.4,3454
B08CHZ3ZQ7,technology,799.0,599.0,25%,4.3,15790
B08SCCG9D4,technology,2000.0,949.0,50%,3.9,14969
B0972BQ2RS,technology,9999.0,2499.0,75%,4.1,42139
B00ZRBWPA0,technology,180.0,159.0,0%,4.3,989
B0B2DD66GS,technology,2900.0,1329.0,50%,4.5,19624
B09M869Z5V,technology,999.0,570.0,50%,4.2,3201
B07W6VWZ8C,technology,1999.0,899.0,50%,4.1,30469
B07Z1X6VFC,technology,999.0,449.0,50%,4.4,9940
B07YL54NVJ,technology,999.0,549.0,50%,4.3,7758
B0759QMF85,technology,2399.0,1529.0,25%,4.3,68409
B00LM4X0KU,office,100.0,100.0,0%,4.3,3095
B08PFSZ7FH,technology,1499.0,299.0,75%,4.2,903
B012MQS060,technology,1795.0,1295.0,25%,4.1,25771
B01MF8MB65,technology,999.0,699.0,25%,4.1,273189
B00LHZWD0C,office,315.0,252.0,25%,4.5,3785
B08QDPB1SL,technology,220.0,190.0,25%,4.4,2866
B07BRKK9JQ,technology,1599.0,1299.0,25%,4.3,27223
B01EZ0X3L8,technology,1650.0,729.0,50%,4.3,82356
B00LM4W1N2,office,600.0,480.0,25%,4.3,5719
B0949SBKMP,technology,6990.0,1799.0,75%,4.0,26880
B08YD264ZS,technology,2499.0,999.0,50%,4.3,1690
B094JNXNPV,technology,399.0,299.0,25%,4.0,2766
B00GZLB57U,technology,699.0,238.0,75%,4.4,8372
B07V82W5CN,technology,2198.0,1349.0,50%,4.0,7113
B077Z65HSD,technology,999.0,299.0,75%,4.3,20850
B08HD7JQHX,technology,499.0,199.0,50%,3.3,2804
B0B31FR4Y2,technology,9999.0,1999.0,75%,3.7,1986
B09Y14JLP3,technology,499.0,99.0,75%,4.1,2451
B09ZHCJDP1,technology,1000.0,499.0,50%,5.0,23
B08C4Z69LN,technology,3500.0,1792.0,50%,4.5,26194
B016XVRKZM,technology,4100.0,3299.0,25%,3.9,15783
B00LHZW3XY,office,180.0,125.0,25%,4.4,8053
B098JYT4SY,technology,1190.0,399.0,75%,4.1,2809
B08CFCK6CW,technology,7999.0,1199.0,75%,3.6,25910
B09P564ZTJ,technology,1599.0,235.0,75%,3.8,1173
B07MSLTW8Z,technology,1999.0,549.0,75%,3.6,6422
B09N6TTHT6,technology,99.0,89.0,0%,4.2,241
B09W5XR9RT,technology,1999.0,970.0,50%,4.4,184
B098R25TGC,technology,2999.0,1299.0,50%,3.8,14629
B0B2PQL5N3,technology,999.0,230.0,75%,4.2,1528
B07DKZCZ89,technology,499.0,119.0,75%,4.3,15032
B08GYG6T12,technology,800.0,449.0,50%,4.4,69585
B09BN2NPBD,technology,3495.0,1699.0,50%,4.1,14371
B00J4YG0PC,office,720.0,561.0,25%,4.4,3182
B073BRXPZX,technology,590.0,289.0,50%,4.4,25886
B08LHTJTBB,technology,1999.0,599.0,75%,4.4,4736
B07VTFN6HM,technology,7350.0,5599.0,25%,4.4,73005
B008QS9J6Y,technology,2595.0,1990.0,25%,4.3,20398
B09M8888DM,technology,799.0,499.0,50%,4.3,2125
B07Z1YVP72,technology,999.0,449.0,50%,4.3,11330
B082FTPRSK,technology,1999.0,999.0,50%,4.2,27441
B09RF2QXGX,technology,299.0,69.0,75%,4.3,255
B01KK0HU3Y,technology,1499.0,899.0,50%,4.2,23174
B07JF9B592,other,699.0,478.0,25%,3.8,20218
B086394NY5,technology,2490.0,1399.0,50%,4.3,11074
B00NH11PEY,technology,750.0,199.0,75%,4.5,74976
B017PDR9N0,technology,499.0,149.0,75%,4.1,25607
B07NC12T2R,technology,4990.0,1799.0,75%,4.2,41226
B07WKBD37W,home,999.0,425.0,50%,4.0,2581
B08JMC1988,technology,2490.0,999.0,50%,4.1,18331
B09GFN8WZL,technology,999.0,378.0,50%,4.1,1779
B095X38CJS,office,99.0,99.0,0%,4.3,388
B07ZKD8T1Q,technology,2999.0,1499.0,50%,4.5,8656
B07G3YNLJB,technology,3100.0,1815.0,50%,4.5,92925
B00P93X2H6,office,75.0,67.0,0%,4.1,1269
B0798PJPCL,technology,2699.0,1889.0,25%,4.3,17394
B09GFWJDY1,technology,1499.0,499.0,75%,3.6,9169
B09MZ6WZ6V,technology,999.0,499.0,50%,4.4,1030
B094QZLJQ6,technology,7999.0,5799.0,25%,4.5,50273
B07L3NDN24,technology,799.0,499.0,50%,3.9,6742
B08WD18LJZ,technology,600.0,249.0,50%,4.0,1208
B09CMM3VGK,technology,499.0,179.0,75%,4.0,1933
B06XDKWLJH,technology,5734.0,4449.0,25%,4.4,25006
B01J1CFO5I,technology,550.0,299.0,50%,4.6,33434
B07J2NGB69,technology,1390.0,629.0,50%,4.4,6301
B00MUTWLW4,technology,3295.0,2595.0,25%,4.4,22618
B08QSC1XY8,technology,1099.0,389.0,75%,4.3,974
B017NC2IPM,technology,2911.0,1799.0,50%,4.3,20342
B00N1U7JXM,office,175.0,90.0,50%,4.4,7429
B08HQL67D6,technology,599.0,599.0,0%,4.0,26423
B09RKFBCV7,technology,7999.0,1999.0,75%,4.2,31305
B08KHM9VBJ,technology,3250.0,2099.0,25%,3.8,11213
B01IOZUHRS,technology,499.0,179.0,75%,4.1,10174
B00CEQEGPI,technology,2295.0,1345.0,50%,4.2,17413
B08B6XWQ1C,technology,995.0,349.0,75%,4.2,6676
B01DGVKBC6,technology,499.0,287.0,50%,4.4,8076
B008FWZGSG,technology,599.0,599.0,0%,4.3,355
B08JD36C6H,technology,450.0,349.0,25%,4.1,18656
B00E3DVQFS,technology,1109.0,879.0,25%,4.4,31599
B0B4HJNPV4,technology,999.0,199.0,75%,3.9,1075
B00BN5SNF0,technology,250.0,250.0,0%,3.9,13971
B09SGGRKV8,technology,499.0,199.0,50%,3.6,2492
B07XLCFSSN,technology,1900.0,899.0,50%,4.4,13552
B09RZS1NQT,technology,999.0,199.0,75%,4.0,575
B084BR3QX8,technology,999.0,149.0,75%,3.5,2523
B09VC2D2WG,technology,1499.0,469.0,75%,4.1,352
B09163Q5CD,technology,1929.0,1187.0,50%,4.1,1662
B08K9PX15C,technology,1499.0,849.0,50%,4.0,7352
B083RD1J99,technology,399.0,328.0,25%,4.1,3441
B09Z7YGV3R,technology,699.0,269.0,50%,4.0,93
B00N3XLDW0,technology,400.0,299.0,25%,3.8,40895
B07Z53L5QL,technology,1499.0,549.0,75%,4.3,11006
B00P93X0VO,office,120.0,114.0,0%,4.2,8938
B07SBGFDX9,office,120.0,120.0,0%,4.1,4308
B09C6HWG18,technology,1999.0,970.0,50%,4.2,462
B00NH11KIK,technology,695.0,209.0,75%,4.5,107686
B07X2L5Z8C,technology,2295.0,1490.0,25%,4.6,10652
B00VA7YYUO,home,99.0,99.0,0%,4.3,5036
B07L9FW9GF,technology,249.0,149.0,50%,4.0,5057
B08D64C9FN,technology,2799.0,575.0,75%,4.2,8537
B07XJYYH7L,technology,999.0,333.0,75%,3.3,9792
B00LOD70SC,office,210.0,178.0,25%,4.3,2450
B09X76VL5L,technology,3490.0,1599.0,50%,3.7,676
B091JF2TFD,technology,1299.0,499.0,50%,3.9,1173
B07S7DCJKS,technology,499.0,199.0,50%,4.3,9998
B09NC2TY11,technology,5999.0,2499.0,50%,4.1,5852
B0BDS8MY8J,technology,999.0,199.0,75%,4.2,362
B09X7DY7Q4,technology,1800.0,939.0,50%,4.5,205052
B09YV575RK,technology,9999.0,2499.0,75%,4.0,9090
B08LW31NQ6,technology,2890.0,1439.0,50%,4.5,4099
B09ND94ZRG,technology,5999.0,1099.0,75%,3.5,12966
B00P93X6EK,office,160.0,157.0,0%,4.5,4428
B07KRCW6LZ,technology,1599.0,999.0,50%,4.3,12093
B0994GP1CX,technology,999.0,115.0,100%,3.3,5692
B07H8W9PB6,technology,499.0,175.0,75%,4.1,21
B09NNHFSSF,technology,4700.0,1999.0,50%,3.8,1880
B08D9NDZ1Y,technology,4332.96,3999.0,0%,3.5,21762
B0085IATT6,technology,1800.0,899.0,50%,4.1,22375
B08WJ86PV2,technology,990.0,299.0,75%,4.5,2453
B078HRR1XV,technology,4699.0,3303.0,25%,4.4,13544
B09P22HXH6,technology,5490.0,1890.0,75%,4.1,10976
B00LM4X3XE,office,100.0,90.0,0%,4.3,3061
B09YLFHFDW,technology,2790.0,1599.0,50%,3.6,2272
B07YWS9SP9,technology,999.0,599.0,50%,4.0,7601
B002PD61Y4,technology,1208.0,507.0,50%,4.1,8131
B08WLY8V9S,technology,899.0,425.0,50%,4.5,4219
B0873L7J6X,technology,3999.0,1499.0,75%,4.2,42775
B07YNHCW6N,technology,2499.0,549.0,75%,4.3,5556
B07232M876,technology,395.0,199.0,50%,4.2,92595
B01MQ2A86A,technology,1645.0,1295.0,25%,4.6,12375
B00KIE28X0,home,310.0,310.0,0%,4.5,5882
B08BQ947H3,technology,149.0,149.0,0%,4.3,10833
B0BHYJ8CVF,technology,1499.0,1149.0,25%,4.1,10443
B0BCVJ3PVP,technology,1299.0,499.0,50%,4.5,434
B0B2931FCV,technology,4199.0,999.0,75%,3.5,1913
B09TMZ1MF8,technology,4000.0,1709.0,50%,4.4,3029
B07VV37FT4,office,250.0,250.0,0%,4.2,2628
B07P681N66,technology,2199.0,1199.0,50%,4.4,24780
B07JB2Y4SR,home,100.0,90.0,0%,4.4,10718
B08KRMK9LZ,technology,5999.0,2025.0,75%,4.2,6233
B08LT9BMPP,technology,1995.0,1495.0,25%,4.5,10541
B082T6V3DT,technology,2100.0,799.0,50%,4.3,8188
B0814ZY6FP,technology,1199.0,899.0,25%,3.8,10751
B09F3PDDRF,technology,999.0,349.0,75%,3.9,817
B07X963JNS,technology,2499.0,900.0,75%,4.0,36384
B09LD3116F,technology,3990.0,2490.0,50%,4.1,3606
B08Y5QJTVK,technology,200.0,116.0,50%,4.4,357
B00LY1FN1K,home,230.0,200.0,25%,4.4,10170
B07DJ5KYDZ,technology,2796.0,1249.0,50%,4.4,4598
B009LJ2BXA,technology,999.0,649.0,25%,3.5,7222
B09BVCVTBC,technology,3499.0,2649.0,25%,4.5,1271
B0BFWGBX61,technology,349.0,199.0,50%,4.1,314
B07SY4C3TD,technology,723.0,596.0,25%,4.4,3219
B094JB13XL,technology,5999.0,2499.0,50%,4.1,38879
B08CRRQK6Z,technology,12499.0,4999.0,50%,4.2,4541
B08MTLLSL8,technology,1290.0,399.0,75%,4.2,76042
B08Y57TPDM,technology,200.0,116.0,50%,4.3,485
B09CYTJV3N,technology,5999.0,4499.0,25%,4.3,44696
B07GLNJC25,technology,499.0,330.0,25%,3.7,8566
B08FY4FG5X,technology,2499.0,649.0,75%,3.9,13049
B07TMCXRFV,technology,1599.0,1234.0,25%,4.5,16680
B01FSYQ2A4,technology,2990.0,1399.0,50%,4.1,97174
B00LZPQVMK,office,320.0,272.0,25%,4.0,3686
B08X77LM8C,technology,999.0,99.0,100%,3.8,594
B01EJ5MM5M,technology,3875.0,3498.0,0%,3.4,12185
B08J82K4GX,technology,19110.0,10099.0,50%,4.3,2623
B07Z1Z77ZZ,technology,999.0,449.0,50%,4.3,9701
B00DJ5N9VK,office,150.0,150.0,0%,4.3,15867
B0B4DT8MKT,technology,1499.0,348.0,75%,4.2,656
B08FGNPQ9X,technology,2999.0,1199.0,50%,4.1,10725
B07NTKGW45,technology,899.0,397.0,50%,4.0,3025
B08CDKQ8T6,technology,349.0,154.0,50%,4.3,7064
B08J4PL1Z3,technology,1490.0,699.0,50%,4.0,5736
B07XJWTYM2,technology,1999.0,1679.0,25%,4.1,72563
B09939XJX8,technology,1500.0,354.0,75%,4.0,1026
B09MDCZJXS,technology,5499.0,1199.0,75%,3.8,2043
B08CTQP51L,technology,1499.0,379.0,75%,4.2,4149
B0BG62HMDJ,technology,775.0,499.0,25%,4.3,74
B08GTYFC37,technology,32000.0,10389.0,75%,4.4,41398
B08SBH499M,technology,1300.0,649.0,50%,4.1,5195
B08FYB5HHK,technology,1999.0,1199.0,50%,4.5,22420
B0994GFWBH,technology,999.0,139.0,75%,4.0,1313
B0B5GJRTHB,technology,1999.0,889.0,50%,4.2,2284
B09GBBJV72,technology,2199.0,1409.0,25%,3.9,427
B07P434WJY,technology,1999.0,549.0,75%,4.3,1367
B07T9FV9YP,technology,1799.0,749.0,50%,4.0,13199
B01GGKZ0V6,technology,845.0,329.0,50%,4.2,29746
B08WKFSN84,technology,1099.0,379.0,75%,4.3,2806
B09TBCVJS3,technology,7999.0,5998.0,25%,4.2,30355
B08TR61BVK,technology,1499.0,299.0,75%,4.2,2868
B0B2CPVXHX,technology,1499.0,379.0,75%,4.1,670
B08XNL93PL,office,2999.0,1399.0,50%,4.3,3530
B088GXTJM3,technology,1299.0,699.0,50%,4.3,6183
B099S26HWG,office,300.0,300.0,0%,4.2,419
B08461VC1Z,technology,1995.0,999.0,50%,4.5,7317
B00K32PEW4,technology,535.0,535.0,0%,4.4,4426
B09F9YQQ7B,technology,24999.0,13999.0,50%,4.2,45237
B07LFWP97N,technology,1099.0,269.0,75%,4.1,1092
B0746N6WML,office,450.0,341.0,25%,4.3,2493
B07W9KYT62,technology,3999.0,2499.0,50%,4.4,12679
B0B5ZF3NRK,technology,599.0,349.0,50%,4.1,210
B08D9MNH4B,technology,7005.0,5899.0,25%,3.6,4199
B078G6ZF5Z,technology,1199.0,699.0,50%,4.0,14403
B09MKG4ZCM,technology,2999.0,1565.0,50%,4.0,11113
B07RZZ1QSW,technology,799.0,326.0,50%,4.4,10773
B08BCKN299,technology,999.0,120.0,100%,3.9,6491
B07222HQKP,technology,999.0,657.0,25%,4.3,13944
B00NFD0ETQ,technology,2895.0,1995.0,25%,4.6,10760
B075DB1F13,technology,1500.0,1500.0,0%,4.4,25996
B0148NPH9I,technology,3195.0,2640.0,25%,4.5,16146
B01JOFKL0A,technology,6355.0,5299.0,25%,3.9,8280
B09Q8HMKZX,technology,699.0,263.0,50%,4.1,450
B079S811J3,technology,2999.0,1990.0,25%,4.3,14237
B0083T231O,technology,1499.0,1289.0,25%,4.5,20668
B086PXQ2R4,office,165.0,165.0,0%,4.5,1674
B07L1N3TJX,technology,3499.0,1699.0,50%,3.6,7689
B07YFWVRCM,technology,7500.0,2299.0,75%,4.1,5554
B01GGKYKQM,technology,700.0,219.0,75%,4.3,20053
B08TDJ5BVF,technology,39.0,39.0,0%,3.8,3344
B09XXZXQC1,technology,37999.0,26999.0,25%,4.6,2886
B083T5G5PM,technology,1990.0,1490.0,25%,4.1,98250
B0BHVPTM2C,technology,1949.0,398.0,75%,4.0,75
B0B86CDHL1,technology,899.0,349.0,50%,4.5,149
B01NBX5RSB,technology,1547.0,770.0,50%,4.3,2585
B08MWJTST6,technology,1299.0,279.0,75%,4.0,5072
B07R99NBVB,home,599.0,249.0,50%,4.5,5985
B08R69VDHT,technology,499.0,115.0,75%,4.0,7732
B00LY12TH6,home,230.0,230.0,0%,4.5,9427
B09RWZRCP1,technology,999.0,399.0,50%,4.1,1780
B08497Z1MQ,technology,700.0,599.0,25%,4.3,2301
B07KNM95JK,technology,1150.0,598.0,50%,4.1,2535
B09Q3M3WLJ,technology,1499.0,399.0,75%,4.0,691
B09B9SPC7F,technology,1299.0,499.0,50%,4.1,2740
B09CMP1SC8,technology,499.0,199.0,50%,4.1,602
B099SD8PRP,technology,1090.0,579.0,50%,4.4,3482
B09YLXYP7Y,technology,399.0,179.0,50%,4.0,1423
B00S2SEV7K,office,100.0,90.0,0%,4.1,6199
B08WKCTFF3,technology,1999.0,899.0,50%,4.4,1667
B08498D67S,technology,1800.0,1149.0,25%,4.3,4723
B00C3GBCIS,technology,499.0,249.0,50%,4.2,22860
B00URH5E34,technology,39.0,39.0,0%,3.6,13572
B00EYW1U68,technology,3599.0,1599.0,50%,4.2,16182
B08SMJT55F,technology,3990.0,1199.0,75%,4.2,2908
B0B2DJDCPX,technology,499.0,209.0,50%,3.9,536
B08Y7MXFMK,technology,1499.0,1099.0,25%,4.2,2375
B086Q3QMFS,office,120.0,120.0,0%,4.5,4951
B08498H13H,technology,3499.0,1519.0,50%,4.3,408
B07LFQLKFZ,office,420.0,420.0,0%,4.2,1926
B00LY17RHI,office,225.0,225.0,0%,4.1,4798
B07W14CHV8,technology,799.0,199.0,75%,4.1,7333
B0B9BXKBC7,technology,3999.0,1799.0,50%,4.6,245
B09F5Z694W,technology,9625.0,8349.0,25%,3.8,3652
B0B25LQQPC,technology,6100.0,3307.0,50%,4.3,2515
B07GVGTSLN,technology,1299.0,325.0,75%,4.2,10576
B01LYLJ99X,technology,1300.0,449.0,75%,4.2,4959
B014SZPBM4,technology,400.0,380.0,0%,4.4,2111
B08CZHGHKH,technology,1399.0,499.0,75%,3.9,1462
B0B2RBP83P,technology,59890.0,37247.0,50%,4.0,323
B078W65FJ7,technology,2490.0,849.0,75%,4.2,91188
B08S74GTBT,technology,1999.0,799.0,50%,3.7,418
B0B9BD2YL4,technology,6999.0,2599.0,75%,4.5,1526
B0BMXMLSMM,technology,999.0,199.0,75%,4.5,127
B0141EZMAI,technology,800.0,269.0,75%,3.6,10134
B07QMRHWJD,technology,999.0,298.0,75%,4.3,1552
B07W7Z6DVL,technology,2999.0,1499.0,50%,4.1,25262
B07WMS7TWB,home,1245.0,649.0,50%,3.9,123365
B00H47GVGY,home,1695.0,1199.0,25%,3.6,13300
B07VX71FZP,home,2000.0,1199.0,50%,4.0,18543
B07NCKMXVZ,technology,999.0,455.0,50%,4.1,3578
B0B61DSF17,home,1999.0,199.0,100%,3.7,2031
B07VQGVL68,home,499.0,293.0,50%,3.9,44994
B01LWYDEQ7,home,495.0,199.0,50%,4.1,270563
B07VNFP3C2,home,1245.0,749.0,50%,3.9,31783
B00LUGTJGO,home,1549.0,1399.0,0%,3.9,2602
B01MQZ7J8K,home,1445.0,749.0,50%,3.9,63350
B01GFTEV5Y,home,3193.0,1699.0,50%,3.8,54032
B00NW4UWN6,home,1345.0,1043.0,25%,3.8,15592
B01NCVJMKX,technology,999.0,499.0,50%,4.1,4859
B00O24PUO6,home,1650.0,1464.0,0%,4.1,14120
B07GXPDLYQ,home,499.0,249.0,50%,3.3,8427
B01C8P29N0,technology,1400.0,625.0,50%,4.2,23316
B08KDBLMQP,home,2500.0,1290.0,50%,4.0,6530
B078JDNZJ8,home,6190.0,3600.0,50%,4.3,11924
B01M5F614J,home,13999.0,6549.0,50%,4.0,2961
B083GKDRKR,home,2995.0,1625.0,50%,4.5,23484
B097R2V1W8,home,5890.0,2599.0,50%,4.1,21783
B07YR26BJ3,home,2000.0,1199.0,50%,4.0,14030
B097R45BH8,home,13150.0,5499.0,50%,4.2,6398
B09X5C9VLK,home,3500.0,1299.0,75%,3.8,44050
B01C8P29T4,technology,785.0,599.0,25%,4.2,24247
B00HVXS7WC,home,3210.0,1999.0,50%,4.2,41349
B096YCN3SD,home,1000.0,549.0,50%,3.6,1074
B09LQH3SD9,home,2000.0,999.0,50%,3.8,1163
B09KNMLH4Y,technology,1999.0,398.0,75%,4.1,257
B00ABMASXG,home,720.0,539.0,25%,4.1,36017
B07QDSN9V6,home,1595.0,699.0,50%,4.1,8090
B00YMJ0OI8,home,3645.0,2148.0,50%,4.1,31388
B0B8XNPQPN,home,7950.0,3599.0,50%,4.2,136
B0814P4L98,home,999.0,351.0,75%,4.0,5380
B008QTK47Q,technology,1745.0,1614.0,0%,4.3,37974
B088ZTJT2R,home,1295.0,719.0,50%,4.2,17218
B0BK1K598K,technology,1499.0,678.0,50%,4.2,900
B09Y5FZK9N,home,1545.0,809.0,50%,3.7,976
B09J2SCVQT,home,5000.0,1969.0,50%,4.1,4927
B00TDD0YM4,technology,1695.0,1490.0,0%,4.4,3543
B078KRFWQB,home,3945.0,2499.0,25%,3.8,2732
B07SRM58TP,home,2099.0,1665.0,25%,4.0,14368
B00EDJJ7FS,home,5295.0,3229.0,50%,4.2,39724
B0832W3B7Q,home,3595.0,1799.0,50%,3.8,9791
B07WNK1FFN,home,1699.0,1260.0,25%,4.2,2891
B009P2LK08,home,1129.0,749.0,25%,4.0,2446
B07DGD4Z4C,home,5795.0,3499.0,50%,3.9,25340
B07GMFY9QM,home,999.0,379.0,50%,4.3,3096
B0BGPN4GGH,home,2400.0,1099.0,50%,3.8,4
B0B2DZ5S6R,home,1299.0,749.0,50%,4.0,119
B07S851WX5,home,1299.0,1299.0,0%,4.2,40106
B01MY839VW,technology,1090.0,549.0,50%,4.2,13029
B09LV1CMGH,home,2000.0,899.0,50%,3.6,291
B01EY310UM,technology,1545.0,1321.0,25%,4.3,15453
B09NL7LBWT,technology,1999.0,1099.0,50%,4.0,604
B008YW8M0G,technology,875.0,775.0,0%,4.2,46647
B097R3XH9R,home,15270.0,6299.0,50%,4.1,3233
B08TM71L54,technology,4195.0,3190.0,25%,4.0,1282
B0BPBXNQQT,home,1989.0,799.0,50%,4.3,70
B00W56GLOQ,home,5000.0,2699.0,50%,4.0,26164
B0883KDSXC,technology,990.0,599.0,50%,3.9,16166
B078V8R9BS,home,1111.0,749.0,25%,4.2,35693
B08GSQXLJ2,home,10400.0,6199.0,50%,4.1,14391
B01M5B0TPW,home,2490.0,1819.0,25%,4.4,7946
B082KVTRW8,home,1900.0,1199.0,25%,4.0,1765
B08CFJBZRK,home,6295.0,3249.0,50%,3.8,14062
B07H3WDC4X,home,999.0,349.0,75%,4.0,15646
B09ZTZ9N3Q,home,1699.0,1049.0,50%,3.1,111
B083P71WKK,home,1500.0,799.0,50%,4.3,9695
B097R4D42G,home,9650.0,4999.0,50%,4.2,1772
B07MKMFKPG,home,10590.0,6999.0,25%,4.4,11499
B0949FPSFY,home,1999.0,799.0,50%,4.1,2162
B08F47T4X5,home,89.0,89.0,0%,4.2,19621
B01M0505SJ,home,2485.0,1400.0,50%,4.1,19998
B08D6RCM3Q,home,899.0,355.0,50%,4.1,1051
B009P2LITG,home,3279.0,2169.0,25%,4.1,1716
B00V9NHDI4,home,3799.0,2799.0,25%,3.9,32931
B07WGPBXY9,home,1249.0,899.0,25%,3.9,17424
B00KRCBA6E,home,5000.0,2499.0,50%,3.8,1889
B0B3X2BY3M,home,7299.0,3599.0,50%,4.0,10324
B00F159RIK,technology,625.0,499.0,25%,4.2,5355
B08MV82R99,home,1020.0,653.0,25%,4.1,3366
B09VKWGZD7,home,8990.0,4789.0,50%,4.3,1017
B009P2LK80,home,1639.0,1409.0,25%,3.7,787
B00A7PLVU6,home,899.0,753.0,25%,4.2,18462
B0B25DJ352,home,1199.0,353.0,75%,4.3,629
B013B2WGT6,home,1899.0,1099.0,50%,4.3,15276
B097RJ867P,home,11595.0,8799.0,25%,4.4,2981
B091V8HK8Z,home,1750.0,1345.0,25%,3.8,2466
B071VNHMX2,home,2095.0,2095.0,0%,4.5,7949
B08MVSGXMY,home,2300.0,1498.0,25%,3.8,95
B00H0B29DI,home,2990.0,2199.0,25%,3.8,1558
B01GZSQJPA,home,4295.0,3699.0,25%,4.1,26543
B08VGFX2B6,home,199.0,177.0,0%,4.1,3688
B09GYBZPHF,home,2499.0,1149.0,50%,3.8,4383
B0B4KPCBSH,home,499.0,244.0,50%,3.3,478
B09CGLY5CX,home,2400.0,1959.0,25%,4.0,237
B09JN37WBX,technology,749.0,319.0,50%,4.6,124
B01I1LDZGA,home,1775.0,1499.0,25%,3.9,14667
B0BN2576GQ,technology,1599.0,469.0,75%,3.7,6
B06XPYRWV5,home,1795.0,1099.0,50%,4.2,4244
B01N1XVVLC,home,15999.0,9590.0,50%,4.1,1017
B00O2R38C4,home,1490.0,999.0,25%,4.1,12999
B0B2CZTCL2,home,1999.0,1299.0,25%,3.8,311
B00PVT30YI,home,499.0,292.0,50%,4.1,4238
B00SH18114,home,299.0,160.0,50%,4.6,2781
B00E9G8KOY,technology,600.0,600.0,0%,4.1,10907
B00H3H03Q4,technology,1130.0,1130.0,0%,4.2,13250
B0756K5DYZ,home,6295.0,3249.0,50%,3.9,43070
B0188KPKB2,home,9455.0,3599.0,50%,4.1,11828
B091KNVNS9,home,699.0,368.0,50%,4.1,1240
B075JJ5NQC,home,4999.0,3199.0,25%,4.0,20869
B0B5KZ3C53,home,2900.0,1599.0,50%,3.7,441
B09NTHQRW3,home,2499.0,1999.0,25%,4.1,1034
B008YW3CYM,technology,1190.0,616.0,50%,4.1,37126
B07QHHCB27,home,2100.0,1499.0,25%,4.1,6355
B0BMFD94VD,home,499.0,199.0,50%,3.3,12
B00HZIOGXW,home,825.0,610.0,25%,4.1,13165
B09CKSYBLR,home,1499.0,999.0,25%,4.1,1646
B072J83V9W,home,9995.0,8999.0,0%,4.4,17994
B09MTLG4TP,technology,999.0,453.0,50%,4.3,610
B097XJQZ8H,home,6000.0,2464.0,50%,4.1,8866
B00935MD1C,home,3945.0,2719.0,25%,3.7,13406
B0BR4F878Q,home,1999.0,1439.0,25%,4.8,53803
B0B3G5XZN5,home,3499.0,2799.0,25%,4.5,546
B07WKB69RS,home,5550.0,2088.0,50%,4.0,5292
B09DL9978Y,home,4590.0,2399.0,50%,4.1,444
B06XMZV7RH,home,499.0,308.0,50%,3.9,4584
B09WMTJPG7,home,4400.0,2599.0,50%,4.1,14947
B09ZK6THRR,technology,1000.0,479.0,50%,4.2,1559
B07MP21WJD,technology,299.0,245.0,25%,4.1,1660
B09XB1R2F3,technology,799.0,179.0,75%,3.5,132
B08Y5QJXSR,home,5190.0,3569.0,25%,4.3,28629
B07WJXCTG9,home,1345.0,699.0,50%,3.9,8446
B09NBZ36F7,home,4000.0,2089.0,50%,4.2,11199
B0912WJ87V,technology,4000.0,2339.0,50%,3.8,1118
B0BMTZ4T1D,home,1599.0,784.0,50%,4.5,11
B07Z51CGGH,home,9999.0,5499.0,50%,3.8,4353
B0BDG6QDYD,home,1990.0,899.0,50%,4.1,185
B00YQLG7GK,home,1695.0,1695.0,0%,4.2,14290
B00SMJPA9C,technology,940.0,499.0,50%,4.1,3036
B0B9RN5X8B,home,4700.0,2699.0,50%,4.2,1296
B08QW937WV,home,2999.0,1448.0,50%,4.5,19
B0B4PPD89B,home,79.0,79.0,0%,4.0,97
B08GM5S4CQ,home,14290.0,6990.0,50%,4.4,1771
B00NM6MO26,home,3945.0,2698.0,25%,4.0,15034
B083M7WPZD,home,5999.0,3199.0,50%,4.0,3242
B07GLSKXS1,home,1950.0,1199.0,50%,3.9,2832
B09F6KL23R,home,2799.0,1414.0,50%,4.0,1498
B094G9L9LT,home,1950.0,999.0,50%,3.8,305
B09FZ89DK6,home,9999.0,5999.0,50%,4.2,1191
B0811VCGL5,home,12999.0,9970.0,25%,4.3,4049
B07FXLC2G2,technology,699.0,698.0,0%,4.2,3160
B01LYU3BZF,home,3190.0,2199.0,25%,4.3,9650
B083RC4WFJ,home,799.0,320.0,50%,4.2,3846
B09SFRNKSR,technology,499.0,298.0,50%,4.4,290
B07NRTCDS5,home,1499.0,1199.0,25%,3.8,2206
B07SPVMSC6,home,2660.0,1399.0,50%,4.1,9349
B09H3BXWTK,home,2799.0,599.0,75%,3.9,578
B0073QGKAS,home,1499.0,1499.0,0%,4.3,9331
B08GJ57MKL,home,59900.0,14400.0,75%,4.4,3837
B009DA69W6,technology,1900.0,1699.0,0%,3.6,11456
B099PR2GQJ,home,999.0,649.0,25%,3.8,49
B08G8H8DPL,home,6375.0,3249.0,50%,4.0,4978
B08VGM3YMF,home,499.0,199.0,50%,4.1,1996
B08TTRVWKY,home,1899.0,1099.0,50%,4.3,1811
B07T4D9FNY,home,1490.0,664.0,50%,4.0,2198
B07RX42D3D,home,350.0,260.0,25%,3.9,13127
B08WRKSF9D,home,8500.0,6499.0,25%,4.4,5865
B09R83SFYV,technology,2499.0,1484.0,50%,3.7,1067
B07989VV5K,technology,1560.0,999.0,25%,3.6,4881
B07FL3WRX5,home,6500.0,3299.0,50%,3.7,11217
B0BPCJM7TB,home,999.0,259.0,75%,4.0,43
B08H673XKN,home,7795.0,3249.0,50%,4.2,4664
B07DXRGWDJ,technology,5995.0,4280.0,25%,3.8,2112
B08243SKCK,technology,299.0,189.0,25%,4.2,2737
B09SPTNG58,home,2349.0,1449.0,50%,3.9,9019
B083J64CBB,home,499.0,199.0,50%,4.0,10234
B08JV91JTK,home,1299.0,474.0,75%,4.1,550
B0BQ3K23Y1,home,499.0,279.0,50%,4.8,28
B09MT94QLL,home,4775.0,1999.0,50%,4.2,1353
B07NKNBTT3,technology,1230.0,799.0,25%,4.1,2138
B09KPXTZXN,home,1999.0,949.0,50%,4.0,1679
B078HG2ZPS,home,5156.0,3657.66,25%,3.9,12837
B07N2MGB3G,home,1999.0,1699.0,25%,4.1,8873
B008LN8KDM,technology,2095.0,1849.0,0%,4.3,7681
B08MZNT7GP,home,19825.0,12499.0,25%,4.1,322
B009P2L7CO,technology,1920.0,1099.0,50%,4.2,9772
B07YC8JHMB,technology,16000.0,8199.0,50%,3.9,18497
B0BNQMF152,home,2199.0,499.0,75%,3.7,53
B08J7VCT12,home,14999.0,6999.0,50%,4.1,1728
B0989W6J2F,home,1799.0,1595.0,0%,4.0,2877
B0B84KSH3X,technology,1950.0,1049.0,50%,3.8,250
B08HLC7Z3G,home,2995.0,1182.0,50%,4.2,5178
B0BN6M3TCM,technology,999.0,499.0,50%,4.6,79
B01L6MT7E0,home,11995.0,8799.0,25%,4.1,4157
B0B9F9PT8R,home,2999.0,1529.0,50%,3.3,29
B0883LQJ6B,technology,1690.0,1199.0,25%,4.2,4580
B099Z83VRC,home,1790.0,1052.0,50%,4.3,1404
B00S9BSJC8,home,8995.0,6499.0,25%,4.3,2810
B0B4SJKRDF,home,239.0,239.0,0%,4.3,7
B0BM4KTNL1,home,1599.0,699.0,50%,4.7,1729
B08S6RKT4L,home,4290.0,2599.0,50%,4.4,2116
B09SZ5TWHW,home,2890.0,1547.0,50%,3.9,463
B0BLC2BYPX,home,1299.0,499.0,50%,4.7,54
B00P0R95EA,home,640.0,510.0,25%,4.1,7229
B07W4HTS8Q,home,3790.0,1899.0,50%,3.8,3842
B078JBK4GX,home,4560.0,2599.0,50%,4.4,646
B08S7V8YTN,home,3500.0,1199.0,75%,4.3,1802
B07H5PBN54,home,2600.0,999.0,50%,3.4,252
B07YCBSCYB,home,3300.0,1999.0,50%,4.2,780
B098T9CJVQ,home,699.0,210.0,75%,3.7,74
B01KCSGBU2,home,23559.0,14499.0,50%,4.3,2026
B095XCRDQW,home,1599.0,950.0,50%,4.3,5911
B09CTWFV5W,home,9995.0,7199.0,25%,4.4,1964
B0B7NWGXS6,home,2545.0,2439.0,0%,4.1,25
B07DZ986Q2,technology,8995.0,7799.0,25%,4.0,3160
B07KKJPTWB,home,1999.0,1599.0,25%,4.4,1558
B071R3LHFM,home,5500.0,2899.0,50%,3.8,8958
B086X18Q71,technology,12150.0,9799.0,25%,4.3,13251
B07WVQG8WZ,technology,4995.0,3299.0,25%,3.8,1393
B0BFBNXS94,home,1499.0,669.0,50%,2.3,13
B071113J7M,home,7506.0,5890.0,25%,4.5,7241
B09YLWT89W,technology,18000.0,9199.0,50%,4.0,16020
B0814LP6S9,home,1099.0,351.0,75%,3.7,1470
B07BKSSDR2,home,1900.0,899.0,50%,4.0,3663
B09VGS66FV,home,1850.0,1349.0,25%,4.4,638
B07RCGTZ4M,home,9999.0,6236.0,50%,4.1,3552
B0747VDH9L,home,3995.0,2742.0,25%,4.4,11148
B08XLR6DSB,technology,1499.0,721.0,50%,3.1,2449
B08H6CZSHT,technology,3295.0,2903.0,0%,4.3,2299
B07CVR2L5K,home,2695.0,1656.0,50%,4.4,6027
B09J4YQYX3,home,2290.0,1399.0,50%,4.4,461
B0B2DD8BQ8,home,3099.0,2079.0,25%,4.1,282
B0123P3PWE,home,1075.0,999.0,0%,4.1,9275
B08HDCWDXD,home,6999.0,3179.0,50%,4.0,743
B0836JGZ74,home,2499.0,1049.0,50%,3.6,328
B0BCKJJN8R,home,7290.0,3599.0,50%,3.9,942
B008P7IF02,home,5795.0,4799.0,25%,3.9,3815
B08CNLYKW5,home,3398.0,1699.0,50%,3.8,7988
B08C7TYHPB,home,1490.0,664.0,50%,4.1,925
B08VJFYH6N,home,1620.0,948.0,50%,4.1,4370
B08235JZFB,technology,1000.0,850.0,25%,4.1,7619
B078XFKBZL,technology,640.0,600.0,0%,3.8,2593
B01M265AAK,home,4495.0,3711.0,25%,4.3,356
B0B694PXQJ,home,2999.0,799.0,75%,4.5,63
B00B3VFJY2,technology,980.0,980.0,0%,4.2,4740
B08W9BK4MD,home,899.0,351.0,50%,3.9,296
B09X5HD5T1,home,499.0,229.0,50%,3.5,185
B08H6B3G96,technology,3995.0,3349.0,25%,4.3,1954
B09N3BFP4M,home,11500.0,5499.0,50%,3.9,959
B09DSQXCM8,technology,499.0,299.0,50%,3.9,1015
B01M69WCZ6,home,3550.0,2249.0,25%,4.0,3973
B0BM9H2NY9,home,1599.0,699.0,50%,4.7,2300
B099FDW2ZF,home,1499.0,1235.0,25%,4.1,203
B0B935YNR7,home,2999.0,1349.0,50%,3.8,441
B07JGCGNDG,home,11500.0,6800.0,50%,4.1,10308
B07GWTWFS2,home,1975.0,1699.0,25%,4.1,4716
B09KRHXTLN,home,1699.0,1069.0,25%,3.9,313
B09H34V36W,home,2495.0,1349.0,50%,3.8,166
B09J2QCKKM,home,3500.0,1499.0,50%,4.1,303
B09XRBJ94N,home,4600.0,2092.0,50%,4.3,562
B07SLNG3LW,home,10295.0,3859.0,75%,3.9,8095
B0BNDGL26T,home,2199.0,499.0,75%,2.8,109
B095PWLLY6,home,2380.0,1804.0,25%,4.0,15382
B07Y9PY6Y1,home,8820.0,6525.0,25%,4.5,5137
B0BJ966M5K,technology,24999.0,4999.0,75%,4.6,124
B086GVRP63,home,2400.0,1189.0,50%,4.1,618
B08MVXPTDG,home,4200.0,2590.0,50%,4.1,63
B0BMZ6SY89,home,1599.0,899.0,50%,3.4,15
B09P1MFKG1,home,2999.0,998.0,75%,4.6,9
B01LY9W8AF,home,1282.0,998.06,25%,4.2,7274
B07ZJND9B9,home,1990.0,1099.0,50%,3.9,5911
B0B2CWRDB1,home,9999.0,5999.0,50%,4.2,170
B072NCN9M4,home,11850.0,8886.0,25%,4.2,3065
B08SKZ2RMG,technology,999.0,475.0,50%,4.1,1021
B0B53DS4TF,home,20049.0,4995.0,75%,4.8,3964
B08BJN4MP3,technology,24850.0,13999.0,50%,4.4,8948
B0BCYQY9X5,technology,16490.0,8499.0,50%,4.3,97
B009UORDX4,technology,975.0,949.0,0%,4.3,7223
B08VGDBF3B,home,499.0,395.0,25%,4.0,330
B012ELCYUG,technology,635.0,635.0,0%,4.3,4570
B07S9M8YTY,technology,1390.0,717.0,50%,4.0,4867
B0B19VJXQZ,home,59900.0,27900.0,50%,4.4,5298
B00SMFPJG0,technology,670.0,649.0,0%,4.1,7786
B0BHYLCL19,technology,399.0,193.0,50%,3.6,37
B0BPJBTB3F,home,2495.0,1299.0,50%,2.0,2
B08MXJYB2V,home,3390.0,2449.0,25%,4.0,5206
B081B1JL35,home,2499.0,1049.0,50%,3.7,638
B09VL9KFDB,home,4200.0,2399.0,50%,3.8,397
B0B1MDZV9C,home,4495.0,2286.0,50%,3.9,326
B08TT63N58,home,2199.0,499.0,75%,3.1,3527
B08YK7BBD2,home,999.0,429.0,50%,3.0,617
B07YQ5SN4H,home,595.0,299.0,50%,4.0,314
B0B7FJNSZR,technology,19990.0,5395.0,75%,4.4,535
B01N6IJG0F,technology,1010.0,559.0,50%,4.1,17325
B0B84QN4CN,technology,1100.0,660.0,50%,3.6,91
B0B8ZM9RVV,home,999.0,419.0,50%,4.4,227
B01892MIPA,home,10900.0,7349.0,25%,4.2,11957
B08ZHYNTM1,home,4005.0,2899.0,25%,4.3,7140
B09SDDQQKP,home,3295.0,1799.0,50%,3.8,687
B0B5RP43VN,home,4650.0,1474.0,75%,4.1,1045
B096NTB9XT,technology,24500.0,15999.0,25%,4.0,11206
B078JF6X9B,home,6070.0,3645.0,50%,4.2,561
B08CGW4GYR,home,999.0,375.0,50%,3.6,1988
B00A328ENA,home,3945.0,2976.0,25%,4.2,3740
B0763K5HLQ,home,1499.0,1099.0,25%,4.1,4401
B09PDZNSBG,technology,6700.0,2575.0,50%,4.2,611
B085LPT5F4,home,2800.0,1649.0,50%,3.9,2162
B0B9RZ4G4W,home,1699.0,799.0,50%,4.0,97
B0085W2MUQ,home,970.0,765.0,25%,4.2,6055
B09474JWN6,technology,1500.0,999.0,25%,4.2,386
B09G2VTHQM,home,1295.0,587.0,50%,4.1,557
B07R679HTT,home,23999.0,12609.0,50%,4.4,2288
B00B7GKXMG,technology,850.0,699.0,25%,4.1,1106
B07H3N8RJH,home,6000.0,3799.0,25%,4.2,11935
B07K2HVKLL,home,1020.0,640.0,25%,4.1,5059
B09MQ9PDHR,home,1999.0,979.0,50%,3.9,157
B014HDJ7ZE,home,7445.0,5365.0,25%,3.9,3584
B07D2NMTTV,technology,3500.0,3199.0,0%,4.2,1899
B075K76YW1,home,1395.0,979.0,25%,4.2,15252
B0BNLFQDG2,home,2199.0,929.0,50%,3.7,4
B082ZQ4479,home,4330.0,3710.0,25%,3.7,1662
B09Y358DZQ,home,4295.0,2033.0,50%,3.4,422
B09M3F4HGB,home,18990.0,9495.0,50%,4.2,79
B07VZH6ZBB,home,12500.0,7799.0,50%,4.0,5160
B07F366Z51,home,2385.0,949.0,50%,4.1,2311
B077BTLQ67,home,4890.0,2790.0,50%,3.9,588
B07YSJ7FF1,technology,1100.0,645.0,50%,4.0,3271
B07TXCY3YK,home,3899.0,2237.81,50%,3.9,11004
B07TC9F7PN,home,16899.0,8699.0,50%,4.2,3195
B09NS5TKPN,home,75990.0,42990.0,50%,4.3,3231
B00LP9RFSU,technology,825.0,825.0,0%,4.0,3246
B0B7L86YCB,home,300.0,161.0,50%,2.6,24
B09VPH38JS,home,1499.0,697.0,50%,3.8,144
B01MUAUOCX,technology,747.0,688.0,0%,4.5,2280
B09MB3DKG1,home,3999.0,2199.0,50%,3.5,340
B08QHLXWV3,home,11990.0,6850.0,50%,3.9,144
B07G147SZD,home,3799.0,2699.0,25%,4.0,727
B09LH32678,home,1999.0,899.0,50%,4.0,832
B09R1YFL6S,home,2999.0,1090.0,75%,3.5,57
B07Q4NJQC5,home,599.0,295.0,50%,4.0,1644
B097RN7BBK,home,1999.0,479.0,75%,3.4,1066
B097MKZHNV,home,4849.0,2949.0,50%,4.2,7968
B07LG96SDB,home,510.0,335.0,25%,3.8,3195
B08KS2KQTK,home,499.0,293.0,50%,4.1,1456
B095K14P86,home,1299.0,599.0,50%,4.2,590
B08K36NZSV,technology,999.0,499.0,50%,4.3,1436
B07LDPLSZC,technology,1190.0,849.0,25%,4.2,4184
B07F1T31ZZ,home,400.0,249.0,50%,4.1,693
B0BNDRK886,technology,599.0,185.0,75%,3.9,1306
B09ZVJXN5L,home,999.0,778.0,25%,3.3,8
B08JKPVDKL,technology,699.0,279.0,50%,4.3,2326
B09JFR8H3Q,technology,1499.0,215.0,75%,3.9,1004
B07LDN9Q2P,technology,1295.0,889.0,25%,4.3,6400
B08T8KWNQ9,home,4999.0,1449.0,75%,3.6,63
B07Y1RCCW5,home,2550.0,1190.0,50%,3.8,1181
B0762HXMTF,technology,1950.0,1799.0,0%,3.9,1888
B00K57MR22,home,8478.0,6120.0,25%,4.6,6550
B07TTSS5MP,home,3299.0,1799.0,50%,3.8,1846
B09ZDVL7L8,home,3895.0,2199.0,50%,3.9,1085
B09XHXXCFH,home,5495.0,3685.0,25%,4.1,290
B0BL3R4RGS,home,999.0,649.0,25%,3.6,4
B07P1BR7L8,home,8995.0,8599.0,0%,4.4,9734
B078WB1VWJ,technology,1599.0,1110.0,25%,4.3,4022
B0BP89YBC1,home,3500.0,1499.0,50%,4.7,2591
B09W9V2PXG,home,1999.0,759.0,50%,4.3,532
B09XTQFFCG,home,3199.0,2669.0,25%,3.9,260
B08LVVTGZK,home,1300.0,929.0,25%,3.9,1672
B07J2BQZD6,home,399.0,199.0,50%,3.7,7945
B07HK53XM4,technology,599.0,279.0,50%,3.5,1367
B08RDWBYCQ,home,999.0,549.0,50%,4.0,1313
B09FHHTL8L,technology,199.0,85.0,50%,4.1,212
B0BHNHMR3H,home,1299.0,499.0,50%,3.9,65
B07D8VBYB4,home,7776.0,5865.0,25%,4.4,2737
B0B3TBY2YX,home,2299.0,1260.0,50%,4.3,55
B088WCFPQF,home,1500.0,1099.0,25%,4.5,1065
B07JZSG42Y,home,2590.0,1928.0,25%,4.0,2377
B08YRMBK9R,home,6299.0,3249.0,50%,3.9,2569
B00935MGHS,home,1795.0,1199.0,25%,4.2,5967
B07B5XJ572,home,3190.0,1456.0,50%,4.1,1776
B086199CWG,home,4799.0,3349.0,25%,3.7,4200
B0BBWJFK5C,home,8999.0,4899.0,50%,4.1,297
B07GLS2563,home,1899.0,1199.0,25%,4.2,3858
B09P182Z2H,home,5799.0,3290.0,50%,4.3,168
B0B59K1C8F,technology,799.0,179.0,75%,3.6,101
B06Y36JKC3,technology,300.0,149.0,50%,4.1,4074
B075S9FVRY,home,7200.0,5490.0,25%,4.5,1408
B08SJVD8QD,home,389.0,379.0,0%,4.2,3739
B07FJNNZCJ,technology,13049.0,8699.0,25%,4.3,5891
B09MFR93KS,home,5999.0,3041.67,50%,4.0,777
B07Y5FDPKV,home,2400.0,1745.0,25%,4.2,14160
B0756KCV5K,home,5295.0,3180.0,50%,4.2,6919
B0BJ6P3LSK,technology,24999.0,4999.0,75%,4.5,287
B09HS1NDRQ,home,799.0,390.0,50%,3.8,287
B018SJJ0GE,home,2999.0,1999.0,25%,4.4,388
B09FPP3R1D,home,2495.0,1624.0,25%,4.1,827
B01F7B2JCI,technology,450.0,184.0,50%,4.2,4971
B09NNZ1GF7,technology,999.0,445.0,50%,4.3,229
B01CS4A5V4,technology,1690.0,699.0,50%,4.1,3524
B0BL11S5QK,home,3890.0,1601.0,50%,4.2,156
B09BL2KHQW,technology,260.0,231.0,0%,4.1,490
B081RLM75M,technology,599.0,369.0,50%,3.9,82
B07SYYVP69,home,1950.0,809.0,50%,3.9,710
B0BDZWMGZ1,home,2990.0,1199.0,50%,3.8,133
B078JT7LTD,home,8073.0,6120.0,25%,4.6,2751
B09WF4Q7B3,technology,2599.0,1799.0,25%,3.6,771
B092R48XXB,home,29999.0,18999.0,25%,4.1,2536
B00KIDSU8S,home,2360.0,1999.0,25%,4.2,7801
B0977CGNJJ,home,11495.0,5999.0,50%,4.3,534
B08WWKM5HQ,home,4780.0,2599.0,50%,3.9,898
B015GX9Y0W,home,2400.0,1199.0,50%,3.9,1202
B089BDBDGM,home,249.0,219.0,0%,4.0,1108
B0BPBG712X,home,1199.0,799.0,25%,4.4,17
B00JBNZPFM,home,10999.0,6199.0,50%,4.2,10429
B08N6P8G5K,home,10995.0,6790.0,50%,4.5,3192
B07NPBG1B4,home,3300.0,1982.84,50%,4.1,5873
B01MRARGBW,technology,400.0,199.0,50%,4.1,1379
B07VZYMQNZ,home,1440.0,1180.0,25%,4.2,1527
B01L7C4IU2,home,3045.0,2199.0,25%,4.2,2686
B09H7JDJCW,home,3595.0,2999.0,25%,4.0,178
B07F6GXNPB,technology,500.0,253.0,50%,4.3,2664
B0B97D658R,home,799.0,499.0,50%,3.6,212
B09NFSHCWN,home,1899.0,1149.0,50%,3.5,24
B076VQS87V,technology,799.0,457.0,50%,4.3,1868
B09LMMFW3S,home,399.0,229.0,50%,3.6,451
B0BBLHTRM9,technology,699.0,199.0,75%,2.9,159
B0BJYSCWFQ,home,1999.0,899.0,50%,4.2,39
B0187F2IOK,home,2199.0,1499.0,25%,4.4,6531
B0B8CB7MHW,home,999.0,426.0,50%,4.1,222
B07K19NYZ8,home,3290.0,2320.0,25%,3.8,195
B08ZXZ362Z,technology,3098.0,1563.0,50%,3.5,2283
B00GHL8VP2,home,4990.0,3487.77,25%,4.1,1127
B0B9JZW1SQ,home,1200.0,498.0,50%,3.2,113
B00TI8E7BI,home,2695.0,2695.0,0%,4.4,2518
B07J9KXQCC,home,2299.0,949.0,50%,3.6,550
B0B3JSWG81,technology,999.0,199.0,75%,3.1,2
B08L7J3T31,technology,919.0,379.0,50%,4.0,1090
B01M6453MB,home,3045.0,2280.0,25%,4.1,4118
B009P2LIL4,home,3080.0,2219.0,25%,3.6,468
B00J5DYCCA,home,1890.0,1399.0,25%,4.0,8031
B01486F4G6,home,3690.0,2863.0,25%,4.3,6987
